"Sample","Cells_Before_QC","Cells_After_QC","Cells_Removed","Retention_Rate_Pct"
"GSM5599220_Norm1",6370,5831,539,91.54
"GSM5599221_Norm2",5174,4671,503,90.28
"GSM5599222_Norm3",4475,4107,368,91.78
"GSM5599223_Norm4",6662,5853,809,87.86
"GSM5599224_Norm5",4364,3713,651,85.08
"GSM5599225_Cancer1",8823,6977,1846,79.08
"GSM5599226_Cancer2",4390,3473,917,79.11
"GSM5599227_Cancer3",5107,4389,718,85.94
"GSM5599228_Cancer4",4169,2354,1815,56.46
"GSM5599229_Cancer5",5892,5047,845,85.66
"GSM5599230_Cancer6",5215,4253,962,81.55
"GSM5599231_Cancer7",5179,4435,744,85.63
