"Sample","Raw_Barcode_Count","Script_Initial_Count","Matches_Script"
"GSM5599220_Norm1",6370,5831,FALSE
"GSM5599221_Norm2",5174,6000,FALSE
"GSM5599222_Norm3",4475,6000,FALSE
"GSM5599223_Norm4",6662,6000,FALSE
"GSM5599224_Norm5",4364,6000,FALSE
"GSM5599225_Cancer1",8823,6977,FALSE
"GSM5599226_Cancer2",4390,3473,FALSE
"GSM5599227_Cancer3",5107,6000,FALSE
"GSM5599228_Cancer4",4169,6000,FALSE
"GSM5599229_Cancer5",5892,6000,FALSE
"GSM5599230_Cancer6",5215,6000,FALSE
"GSM5599231_Cancer7",5179,6000,FALSE
