"cell","orig.ident","original_annotation","refined_annotation","audit_cluster"
"GSM5599220_Norm1_GGGCCATAGTTAACGA-1","GSM5599220_Norm1","Monocytic","B cell_plasma","7"
"GSM5599220_Norm1_TTACGTTAGGTGTGAC-1","GSM5599220_Norm1","Monocytic","B cell_plasma","7"
"GSM5599221_Norm2_AAATGGACATTAAGCC-1","GSM5599221_Norm2","Monocytic","B cell_plasma","7"
"GSM5599221_Norm2_AATGCCAGTGCTAGCC-1","GSM5599221_Norm2","Monocytic","B cell_plasma","7"
"GSM5599221_Norm2_ACACGCGCAGGCACAA-1","GSM5599221_Norm2","Monocytic","B cell_plasma","7"
"GSM5599221_Norm2_ACCCAAAGTCCTGGTG-1","GSM5599221_Norm2","Monocytic","B cell_plasma","7"
"GSM5599221_Norm2_ACCCTCAAGTTACGGG-1","GSM5599221_Norm2","Monocytic","B cell_plasma","7"
"GSM5599221_Norm2_AGTGATCCACACGGTC-1","GSM5599221_Norm2","Monocytic","B cell_plasma","7"
"GSM5599221_Norm2_CATACTTTCAATCGGT-1","GSM5599221_Norm2","Monocytic","B cell_plasma","7"
"GSM5599221_Norm2_CCTATCGGTGGTTTAC-1","GSM5599221_Norm2","Monocytic","B cell_plasma","7"
"GSM5599221_Norm2_CGTAGTACATTGGCAT-1","GSM5599221_Norm2","Monocytic","B cell_plasma","7"
"GSM5599221_Norm2_CTCCATGAGTTGGACG-1","GSM5599221_Norm2","Monocytic","B cell_plasma","7"
"GSM5599221_Norm2_GACCTTCAGTCTTGGT-1","GSM5599221_Norm2","Monocytic","B cell_plasma","7"
"GSM5599221_Norm2_GCTTCACTCTATTGTC-1","GSM5599221_Norm2","Monocytic","B cell_plasma","7"
"GSM5599221_Norm2_GTGCAGCTCTATCCAT-1","GSM5599221_Norm2","Monocytic","B cell_plasma","7"
"GSM5599221_Norm2_GTGTTCCCATTCCTAT-1","GSM5599221_Norm2","Monocytic","B cell_plasma","7"
"GSM5599221_Norm2_GTTACCCAGCAGCCTC-1","GSM5599221_Norm2","Monocytic","B cell_plasma","7"
"GSM5599221_Norm2_TAGGTTGCAAGGTCGA-1","GSM5599221_Norm2","Monocytic","B cell_plasma","7"
"GSM5599221_Norm2_TATCTGTTCTTTACAC-1","GSM5599221_Norm2","Monocytic","B cell_plasma","7"
"GSM5599221_Norm2_TCCATCGAGCCACAAG-1","GSM5599221_Norm2","Monocytic","B cell_plasma","7"
"GSM5599221_Norm2_TGGTACAAGCCACCGT-1","GSM5599221_Norm2","Monocytic","B cell_plasma","7"
"GSM5599221_Norm2_TTACGCCTCCTAGAGT-1","GSM5599221_Norm2","Monocytic","B cell_plasma","7"
"GSM5599221_Norm2_TTTGATCTCCATCAGA-1","GSM5599221_Norm2","Monocytic","B cell_plasma","7"
"GSM5599222_Norm3_AAACGCTTCGAGTCCG-1","GSM5599222_Norm3","Monocytic","B cell_plasma","7"
"GSM5599222_Norm3_AAAGGGCTCTACCCAC-1","GSM5599222_Norm3","Monocytic","B cell_plasma","7"
"GSM5599222_Norm3_ACTGTCCCAGTCGGTC-1","GSM5599222_Norm3","Monocytic","B cell_plasma","7"
"GSM5599222_Norm3_AGAACCTTCCCATACC-1","GSM5599222_Norm3","Monocytic","B cell_plasma","7"
"GSM5599222_Norm3_CACGAATGTACCGGAA-1","GSM5599222_Norm3","Monocytic","B cell_plasma","7"
"GSM5599222_Norm3_CTATCTACATGATGCT-1","GSM5599222_Norm3","Monocytic","B cell_plasma","7"
"GSM5599222_Norm3_CTCCATGCAATTCTTC-1","GSM5599222_Norm3","Monocytic","B cell_plasma","7"
"GSM5599222_Norm3_GAGGGATGTGGATTTC-1","GSM5599222_Norm3","Monocytic","B cell_plasma","7"
"GSM5599222_Norm3_GGGAAGTCAGGATGAC-1","GSM5599222_Norm3","Monocytic","B cell_plasma","7"
"GSM5599222_Norm3_GGTGGCTGTCATCACA-1","GSM5599222_Norm3","Monocytic","B cell_plasma","7"
"GSM5599222_Norm3_GTCAAACCAAAGCACG-1","GSM5599222_Norm3","Monocytic","B cell_plasma","7"
"GSM5599222_Norm3_GTGGAAGTCTGTTCAT-1","GSM5599222_Norm3","Monocytic","B cell_plasma","7"
"GSM5599222_Norm3_TCAGGTAAGAAACCAT-1","GSM5599222_Norm3","Monocytic","B cell_plasma","7"
"GSM5599222_Norm3_TCATTCATCCTGTAAG-1","GSM5599222_Norm3","Monocytic","B cell_plasma","7"
"GSM5599222_Norm3_TCCATGCAGTGTAGTA-1","GSM5599222_Norm3","Monocytic","B cell_plasma","7"
"GSM5599222_Norm3_TCCTCTTCATCAGTCA-1","GSM5599222_Norm3","Monocytic","B cell_plasma","7"
"GSM5599222_Norm3_TGTGCGGGTAGTGGCA-1","GSM5599222_Norm3","Monocytic","B cell_plasma","7"
"GSM5599222_Norm3_TTTCAGTTCCAGTTCC-1","GSM5599222_Norm3","Monocytic","B cell_plasma","7"
"GSM5599223_Norm4_TACTTCAAGCTTTCCC-1","GSM5599223_Norm4","Monocytic","B cell_plasma","7"
"GSM5599224_Norm5_AACAAAGAGTCAGCCC-1","GSM5599224_Norm5","Monocytic","B cell_plasma","7"
"GSM5599224_Norm5_AAGGAATGTATGGTTC-1","GSM5599224_Norm5","Monocytic","B cell_plasma","7"
"GSM5599224_Norm5_ACAGGGACACATACGT-1","GSM5599224_Norm5","Monocytic","B cell_plasma","7"
"GSM5599224_Norm5_ACGGTTAGTTAGTTCG-1","GSM5599224_Norm5","Monocytic","B cell_plasma","7"
"GSM5599224_Norm5_ACGTACATCTTGGCTC-1","GSM5599224_Norm5","Monocytic","B cell_plasma","7"
"GSM5599224_Norm5_ACTATGGCAAGACAAT-1","GSM5599224_Norm5","Monocytic","B cell_plasma","7"
"GSM5599224_Norm5_ACTCTCGTCTGCTCTG-1","GSM5599224_Norm5","Monocytic","B cell_plasma","7"
"GSM5599224_Norm5_ACTGATGTCGCTATTT-1","GSM5599224_Norm5","Monocytic","B cell_plasma","7"
"GSM5599224_Norm5_ACTTCCGCACGTAACT-1","GSM5599224_Norm5","Monocytic","B cell_plasma","7"
"GSM5599224_Norm5_AGAGAGCGTAGCCCTG-1","GSM5599224_Norm5","Monocytic","B cell_plasma","7"
"GSM5599224_Norm5_AGCGATTCAAACTAAG-1","GSM5599224_Norm5","Monocytic","B cell_plasma","7"
"GSM5599224_Norm5_AGGCTGCAGATGGTCG-1","GSM5599224_Norm5","Monocytic","B cell_plasma","7"
"GSM5599224_Norm5_AGTTCCCTCTTCGGTC-1","GSM5599224_Norm5","Monocytic","B cell_plasma","7"
"GSM5599224_Norm5_ATACCGATCTTCCCAG-1","GSM5599224_Norm5","Monocytic","B cell_plasma","7"
"GSM5599224_Norm5_ATCGTGACATCGTTCC-1","GSM5599224_Norm5","Monocytic","B cell_plasma","7"
"GSM5599224_Norm5_ATGAGTCAGAGTGTTA-1","GSM5599224_Norm5","Monocytic","B cell_plasma","7"
"GSM5599224_Norm5_ATGCATGGTAGTTCCA-1","GSM5599224_Norm5","Monocytic","B cell_plasma","7"
"GSM5599224_Norm5_ATGTCTTGTCAGGAGT-1","GSM5599224_Norm5","Monocytic","B cell_plasma","7"
"GSM5599224_Norm5_CAGCCAGAGGTTCATC-1","GSM5599224_Norm5","Monocytic","B cell_plasma","7"
"GSM5599224_Norm5_CCGGTAGAGGAGTCTG-1","GSM5599224_Norm5","Monocytic","B cell_plasma","7"
"GSM5599224_Norm5_CCTTTGGCAATTAGGA-1","GSM5599224_Norm5","Monocytic","B cell_plasma","7"
"GSM5599224_Norm5_CGTGAATTCTTAGCTT-1","GSM5599224_Norm5","Monocytic","B cell_plasma","7"
"GSM5599224_Norm5_CGTGATACAACAAAGT-1","GSM5599224_Norm5","Monocytic","B cell_plasma","7"
"GSM5599224_Norm5_CTATCCGTCCGATAGT-1","GSM5599224_Norm5","Monocytic","B cell_plasma","7"
"GSM5599224_Norm5_CTCAATTAGCCTCAGC-1","GSM5599224_Norm5","Monocytic","B cell_plasma","7"
"GSM5599224_Norm5_CTCCTCCCAACTGCCG-1","GSM5599224_Norm5","Monocytic","B cell_plasma","7"
"GSM5599224_Norm5_CTGAATGGTCATATGC-1","GSM5599224_Norm5","Monocytic","B cell_plasma","7"
"GSM5599224_Norm5_CTGAGCGAGGGTAATT-1","GSM5599224_Norm5","Monocytic","B cell_plasma","7"
"GSM5599224_Norm5_CTGCGAGTCGTAACAC-1","GSM5599224_Norm5","Monocytic","B cell_plasma","7"
"GSM5599224_Norm5_CTGGCAGCATTCATCT-1","GSM5599224_Norm5","Monocytic","B cell_plasma","7"
"GSM5599224_Norm5_CTGTATTCAGTCAACT-1","GSM5599224_Norm5","Monocytic","B cell_plasma","7"
"GSM5599224_Norm5_CTGTGAAGTTGTCATG-1","GSM5599224_Norm5","Monocytic","B cell_plasma","7"
"GSM5599224_Norm5_GAACGTTAGGTGAGAA-1","GSM5599224_Norm5","Monocytic","B cell_plasma","7"
"GSM5599224_Norm5_GAAGGACAGTATGACA-1","GSM5599224_Norm5","Monocytic","B cell_plasma","7"
"GSM5599224_Norm5_GAAGGGTGTTTCAGAC-1","GSM5599224_Norm5","Monocytic","B cell_plasma","7"
"GSM5599224_Norm5_GACTCTCTCGGTCGGT-1","GSM5599224_Norm5","Monocytic","B cell_plasma","7"
"GSM5599224_Norm5_GAGTTACGTGGCTTAT-1","GSM5599224_Norm5","Monocytic","B cell_plasma","7"
"GSM5599224_Norm5_GATCGTAAGGTAGATT-1","GSM5599224_Norm5","Monocytic","B cell_plasma","7"
"GSM5599224_Norm5_GATTCTTAGTAACGAT-1","GSM5599224_Norm5","Monocytic","B cell_plasma","7"
"GSM5599224_Norm5_GATTCTTCACCCTATC-1","GSM5599224_Norm5","Monocytic","B cell_plasma","7"
"GSM5599224_Norm5_GATTTCTTCAGTGTGT-1","GSM5599224_Norm5","Monocytic","B cell_plasma","7"
"GSM5599224_Norm5_GCTTCACCAGGCAATG-1","GSM5599224_Norm5","Monocytic","B cell_plasma","7"
"GSM5599224_Norm5_GGTGGCTGTACGGATG-1","GSM5599224_Norm5","Monocytic","B cell_plasma","7"
"GSM5599224_Norm5_GTACAACAGTTTCGAC-1","GSM5599224_Norm5","Monocytic","B cell_plasma","7"
"GSM5599224_Norm5_GTTACCCGTAACATGA-1","GSM5599224_Norm5","Monocytic","B cell_plasma","7"
"GSM5599224_Norm5_GTTCCGTGTGTGGACA-1","GSM5599224_Norm5","Monocytic","B cell_plasma","7"
"GSM5599224_Norm5_GTTCGCTAGTTCATCG-1","GSM5599224_Norm5","Monocytic","B cell_plasma","7"
"GSM5599224_Norm5_GTTCTATTCAGCACCG-1","GSM5599224_Norm5","Monocytic","B cell_plasma","7"
"GSM5599224_Norm5_TAAGCGTAGACGAAGA-1","GSM5599224_Norm5","Monocytic","B cell_plasma","7"
"GSM5599224_Norm5_TACGTCCTCATGCCCT-1","GSM5599224_Norm5","Monocytic","B cell_plasma","7"
"GSM5599224_Norm5_TAGTGCACAAAGACGC-1","GSM5599224_Norm5","Monocytic","B cell_plasma","7"
"GSM5599224_Norm5_TCATTTGAGTGGAATT-1","GSM5599224_Norm5","Monocytic","B cell_plasma","7"
"GSM5599224_Norm5_TCCGAAAAGCTACTGT-1","GSM5599224_Norm5","Monocytic","B cell_plasma","7"
"GSM5599224_Norm5_TCCGAAATCGATACGT-1","GSM5599224_Norm5","Monocytic","B cell_plasma","7"
"GSM5599224_Norm5_TCGACGGTCAGGACAG-1","GSM5599224_Norm5","Monocytic","B cell_plasma","7"
"GSM5599224_Norm5_TCGCACTCAACACGAG-1","GSM5599224_Norm5","Monocytic","B cell_plasma","7"
"GSM5599224_Norm5_TCGCAGGAGGCTCCCA-1","GSM5599224_Norm5","Monocytic","B cell_plasma","7"
"GSM5599224_Norm5_TCTATCATCGCTAAAC-1","GSM5599224_Norm5","Monocytic","B cell_plasma","7"
"GSM5599224_Norm5_TGACAGTCAGGACGAT-1","GSM5599224_Norm5","Monocytic","B cell_plasma","7"
"GSM5599224_Norm5_TGACCCTGTTACGCCG-1","GSM5599224_Norm5","Monocytic","B cell_plasma","7"
"GSM5599224_Norm5_TGCACGGGTTGACTAC-1","GSM5599224_Norm5","Monocytic","B cell_plasma","7"
"GSM5599224_Norm5_TGCGGGTGTTATCCAG-1","GSM5599224_Norm5","Monocytic","B cell_plasma","7"
"GSM5599224_Norm5_TGCTTGCGTACTCCGG-1","GSM5599224_Norm5","Monocytic","B cell_plasma","7"
"GSM5599224_Norm5_TGTAACGAGCTGTCCG-1","GSM5599224_Norm5","Monocytic","B cell_plasma","7"
"GSM5599224_Norm5_TGTAACGGTTCAGCGC-1","GSM5599224_Norm5","Monocytic","B cell_plasma","7"
"GSM5599224_Norm5_TGTCCACCATAGCTGT-1","GSM5599224_Norm5","Monocytic","B cell_plasma","7"
"GSM5599224_Norm5_TGTGGCGAGATGTTCC-1","GSM5599224_Norm5","Monocytic","B cell_plasma","7"
"GSM5599224_Norm5_TGTGGCGTCAGAGCGA-1","GSM5599224_Norm5","Monocytic","B cell_plasma","7"
"GSM5599224_Norm5_TTATTGCGTAACATGA-1","GSM5599224_Norm5","Monocytic","B cell_plasma","7"
"GSM5599224_Norm5_TTCACGCAGTGGCAGT-1","GSM5599224_Norm5","Monocytic","B cell_plasma","7"
"GSM5599224_Norm5_TTCTTCCGTGGTATGG-1","GSM5599224_Norm5","Monocytic","B cell_plasma","7"
"GSM5599224_Norm5_TTGAACGAGGTAATCA-1","GSM5599224_Norm5","Monocytic","B cell_plasma","7"
"GSM5599224_Norm5_TTGGGTACAAAGCACG-1","GSM5599224_Norm5","Monocytic","B cell_plasma","7"
"GSM5599224_Norm5_TTTACCAGTATTGAGA-1","GSM5599224_Norm5","Monocytic","B cell_plasma","7"
"GSM5599224_Norm5_TTTGGAGTCCGAAATC-1","GSM5599224_Norm5","Monocytic","B cell_plasma","7"
"GSM5599225_Cancer1_AAAGTCCTCAATCCGA-1","GSM5599225_Cancer1","Monocytic","B cell_plasma","7"
"GSM5599225_Cancer1_AAGTACCCAATAGTCC-1","GSM5599225_Cancer1","Monocytic","B cell_plasma","7"
"GSM5599225_Cancer1_AATGGAACAAATCCCA-1","GSM5599225_Cancer1","Monocytic","B cell_plasma","7"
"GSM5599225_Cancer1_ACAGGGAGTACGCTTA-1","GSM5599225_Cancer1","Monocytic","B cell_plasma","7"
"GSM5599225_Cancer1_ACGTAGTCAACCGCTG-1","GSM5599225_Cancer1","Monocytic","B cell_plasma","7"
"GSM5599225_Cancer1_AGAAGCGTCTACCACC-1","GSM5599225_Cancer1","Monocytic","B cell_plasma","7"
"GSM5599225_Cancer1_AGCATCAAGGCTCACC-1","GSM5599225_Cancer1","Monocytic","B cell_plasma","7"
"GSM5599225_Cancer1_AGGTTGTAGAGTTGTA-1","GSM5599225_Cancer1","Monocytic","B cell_plasma","7"
"GSM5599225_Cancer1_AGTAACCAGCTTCGTA-1","GSM5599225_Cancer1","Monocytic","B cell_plasma","7"
"GSM5599225_Cancer1_AGTTAGCGTACAAGCG-1","GSM5599225_Cancer1","Monocytic","B cell_plasma","7"
"GSM5599225_Cancer1_ATCGGATCAGAACTTC-1","GSM5599225_Cancer1","Monocytic","B cell_plasma","7"
"GSM5599225_Cancer1_ATCTTCATCTGGCCGA-1","GSM5599225_Cancer1","Monocytic","B cell_plasma","7"
"GSM5599225_Cancer1_CAACAACCAGTAGTGG-1","GSM5599225_Cancer1","Monocytic","B cell_plasma","7"
"GSM5599225_Cancer1_CAACGGCCAGAGGAAA-1","GSM5599225_Cancer1","Monocytic","B cell_plasma","7"
"GSM5599225_Cancer1_CAAGAGGCAAATGAAC-1","GSM5599225_Cancer1","Monocytic","B cell_plasma","7"
"GSM5599225_Cancer1_CAATGACTCGAGAATA-1","GSM5599225_Cancer1","Monocytic","B cell_plasma","7"
"GSM5599225_Cancer1_CACTTCGAGATTGGGC-1","GSM5599225_Cancer1","Monocytic","B cell_plasma","7"
"GSM5599225_Cancer1_CCAATGAAGATCGCCC-1","GSM5599225_Cancer1","Monocytic","B cell_plasma","7"
"GSM5599225_Cancer1_CCACTTGCAAATCGTC-1","GSM5599225_Cancer1","Monocytic","B cell_plasma","7"
"GSM5599225_Cancer1_CCTCTAGCACTGCACG-1","GSM5599225_Cancer1","Monocytic","B cell_plasma","7"
"GSM5599225_Cancer1_CGCAGGTAGCAAACAT-1","GSM5599225_Cancer1","Monocytic","B cell_plasma","7"
"GSM5599225_Cancer1_CGGGTCATCAGCCTCT-1","GSM5599225_Cancer1","Monocytic","B cell_plasma","7"
"GSM5599225_Cancer1_CGTGCTTAGGATTTGA-1","GSM5599225_Cancer1","Monocytic","B cell_plasma","7"
"GSM5599225_Cancer1_CTAAGTGTCCAATGCA-1","GSM5599225_Cancer1","Monocytic","B cell_plasma","7"
"GSM5599225_Cancer1_CTGATCCTCGCAATGT-1","GSM5599225_Cancer1","Monocytic","B cell_plasma","7"
"GSM5599225_Cancer1_GAAGGACCATGTTTGG-1","GSM5599225_Cancer1","Monocytic","B cell_plasma","7"
"GSM5599225_Cancer1_GCCAACGGTCCTGGTG-1","GSM5599225_Cancer1","Monocytic","B cell_plasma","7"
"GSM5599225_Cancer1_GCCATTCCATGGCACC-1","GSM5599225_Cancer1","Monocytic","B cell_plasma","7"
"GSM5599225_Cancer1_GCCCAGATCTCACCCA-1","GSM5599225_Cancer1","Monocytic","B cell_plasma","7"
"GSM5599225_Cancer1_GCTGAATCAGCTGTAT-1","GSM5599225_Cancer1","Monocytic","B cell_plasma","7"
"GSM5599225_Cancer1_GCTGCAGTCCGTAATG-1","GSM5599225_Cancer1","Monocytic","B cell_plasma","7"
"GSM5599225_Cancer1_GGCTTGGTCACTACTT-1","GSM5599225_Cancer1","Monocytic","B cell_plasma","7"
"GSM5599225_Cancer1_GGGTAGAAGCGTCAAG-1","GSM5599225_Cancer1","Monocytic","B cell_plasma","7"
"GSM5599225_Cancer1_GGGTGAATCAGGAAGC-1","GSM5599225_Cancer1","Monocytic","B cell_plasma","7"
"GSM5599225_Cancer1_GGGTGTCAGTAAGAGG-1","GSM5599225_Cancer1","Monocytic","B cell_plasma","7"
"GSM5599225_Cancer1_GTAGTACAGCATCAAA-1","GSM5599225_Cancer1","Monocytic","B cell_plasma","7"
"GSM5599225_Cancer1_GTCCTCATCTTCCTAA-1","GSM5599225_Cancer1","Monocytic","B cell_plasma","7"
"GSM5599225_Cancer1_GTGACGCAGACATCAA-1","GSM5599225_Cancer1","Monocytic","B cell_plasma","7"
"GSM5599225_Cancer1_GTGACGCGTGTAAACA-1","GSM5599225_Cancer1","Monocytic","B cell_plasma","7"
"GSM5599225_Cancer1_GTTACCCAGGTGCATG-1","GSM5599225_Cancer1","Monocytic","B cell_plasma","7"
"GSM5599225_Cancer1_TACGCTCAGCTCAGAG-1","GSM5599225_Cancer1","Monocytic","B cell_plasma","7"
"GSM5599225_Cancer1_TACGGTAAGGCATCGA-1","GSM5599225_Cancer1","Monocytic","B cell_plasma","7"
"GSM5599225_Cancer1_TATCAGGAGGCAGTCA-1","GSM5599225_Cancer1","Monocytic","B cell_plasma","7"
"GSM5599225_Cancer1_TCCAGAAAGCGTATGG-1","GSM5599225_Cancer1","Monocytic","B cell_plasma","7"
"GSM5599225_Cancer1_TCGAAGTGTATTGGCT-1","GSM5599225_Cancer1","Monocytic","B cell_plasma","7"
"GSM5599225_Cancer1_TCGGGTGTCCCATTCG-1","GSM5599225_Cancer1","Monocytic","B cell_plasma","7"
"GSM5599225_Cancer1_TCGTGCTTCGATGCAT-1","GSM5599225_Cancer1","Monocytic","B cell_plasma","7"
"GSM5599225_Cancer1_TCTATACAGCGGTAAC-1","GSM5599225_Cancer1","Monocytic","B cell_plasma","7"
"GSM5599225_Cancer1_TGATGCATCCAATCTT-1","GSM5599225_Cancer1","Monocytic","B cell_plasma","7"
"GSM5599225_Cancer1_TGCGATACACGACGAA-1","GSM5599225_Cancer1","Monocytic","B cell_plasma","7"
"GSM5599225_Cancer1_TGGATCAGTCGAGCAA-1","GSM5599225_Cancer1","Monocytic","B cell_plasma","7"
"GSM5599225_Cancer1_TGGGTTATCTTCTCAA-1","GSM5599225_Cancer1","Monocytic","B cell_plasma","7"
"GSM5599225_Cancer1_TTCTAGTAGTGCAGCA-1","GSM5599225_Cancer1","Monocytic","B cell_plasma","7"
"GSM5599225_Cancer1_TTCTTCCGTCAACGCC-1","GSM5599225_Cancer1","Monocytic","B cell_plasma","7"
"GSM5599225_Cancer1_TTGCATTGTATCTTCT-1","GSM5599225_Cancer1","Monocytic","B cell_plasma","7"
"GSM5599225_Cancer1_TTTCAGTCAGAGTCAG-1","GSM5599225_Cancer1","Monocytic","B cell_plasma","7"
"GSM5599225_Cancer1_TTTCATGGTCAACGCC-1","GSM5599225_Cancer1","Monocytic","B cell_plasma","7"
"GSM5599225_Cancer1_TTTCGATCAGGAATAT-1","GSM5599225_Cancer1","Monocytic","B cell_plasma","7"
"GSM5599226_Cancer2_AACACACTCATCCCGT-1","GSM5599226_Cancer2","Monocytic","B cell_plasma","7"
"GSM5599226_Cancer2_ACATGCAGTCTCTCAC-1","GSM5599226_Cancer2","Monocytic","B cell_plasma","7"
"GSM5599226_Cancer2_ACTGTCCTCCACGTCT-1","GSM5599226_Cancer2","Monocytic","B cell_plasma","7"
"GSM5599226_Cancer2_ACTGTGACAGACCAGA-1","GSM5599226_Cancer2","Monocytic","B cell_plasma","7"
"GSM5599226_Cancer2_AGAGAATGTTCTTAGG-1","GSM5599226_Cancer2","Monocytic","B cell_plasma","7"
"GSM5599226_Cancer2_AGATCGTCAACACACT-1","GSM5599226_Cancer2","Monocytic","B cell_plasma","7"
"GSM5599226_Cancer2_AGTTCGAGTCCACTTC-1","GSM5599226_Cancer2","Monocytic","B cell_plasma","7"
"GSM5599226_Cancer2_ATAGACCGTACCGGCT-1","GSM5599226_Cancer2","Monocytic","B cell_plasma","7"
"GSM5599226_Cancer2_ATCATTCCAGTCACGC-1","GSM5599226_Cancer2","Monocytic","B cell_plasma","7"
"GSM5599226_Cancer2_ATTGTTCAGATACTGA-1","GSM5599226_Cancer2","Monocytic","B cell_plasma","7"
"GSM5599226_Cancer2_CAAAGAAGTGCCTACG-1","GSM5599226_Cancer2","Monocytic","B cell_plasma","7"
"GSM5599226_Cancer2_CAACCTCGTACAAACA-1","GSM5599226_Cancer2","Monocytic","B cell_plasma","7"
"GSM5599226_Cancer2_CACAGGCAGCATCCTA-1","GSM5599226_Cancer2","Monocytic","B cell_plasma","7"
"GSM5599226_Cancer2_CACTTCGAGAATCTAG-1","GSM5599226_Cancer2","Monocytic","B cell_plasma","7"
"GSM5599226_Cancer2_CATTCATTCCCGGTAG-1","GSM5599226_Cancer2","Monocytic","B cell_plasma","7"
"GSM5599226_Cancer2_CATTGTTTCCCGAAAT-1","GSM5599226_Cancer2","Monocytic","B cell_plasma","7"
"GSM5599226_Cancer2_CGAGGAACATACCATG-1","GSM5599226_Cancer2","Monocytic","B cell_plasma","7"
"GSM5599226_Cancer2_CGGGTCAAGACCAACG-1","GSM5599226_Cancer2","Monocytic","B cell_plasma","7"
"GSM5599226_Cancer2_CGTTGGGCAAACACGG-1","GSM5599226_Cancer2","Monocytic","B cell_plasma","7"
"GSM5599226_Cancer2_CTACCTGGTAACGATA-1","GSM5599226_Cancer2","Monocytic","B cell_plasma","7"
"GSM5599226_Cancer2_CTACCTGTCTCACTCG-1","GSM5599226_Cancer2","Monocytic","B cell_plasma","7"
"GSM5599226_Cancer2_CTGCCATCATGGATCT-1","GSM5599226_Cancer2","Monocytic","B cell_plasma","7"
"GSM5599226_Cancer2_CTTGAGAGTAGGGTAC-1","GSM5599226_Cancer2","Monocytic","B cell_plasma","7"
"GSM5599226_Cancer2_CTTGATTCAAGAATGT-1","GSM5599226_Cancer2","Monocytic","B cell_plasma","7"
"GSM5599226_Cancer2_GATCACAAGAAACTAC-1","GSM5599226_Cancer2","Monocytic","B cell_plasma","7"
"GSM5599226_Cancer2_GATGCTATCGCGCCAA-1","GSM5599226_Cancer2","Monocytic","B cell_plasma","7"
"GSM5599226_Cancer2_GGGACCTAGGCATGCA-1","GSM5599226_Cancer2","Monocytic","B cell_plasma","7"
"GSM5599226_Cancer2_GGTTCTCAGCACACAG-1","GSM5599226_Cancer2","Monocytic","B cell_plasma","7"
"GSM5599226_Cancer2_GTATTGGTCTTTGCAT-1","GSM5599226_Cancer2","Monocytic","B cell_plasma","7"
"GSM5599226_Cancer2_GTCCACTGTCGCGTCA-1","GSM5599226_Cancer2","Monocytic","B cell_plasma","7"
"GSM5599226_Cancer2_GTGGTTATCCTGTTAT-1","GSM5599226_Cancer2","Monocytic","B cell_plasma","7"
"GSM5599226_Cancer2_GTTACGAAGACCAGAC-1","GSM5599226_Cancer2","Monocytic","B cell_plasma","7"
"GSM5599226_Cancer2_TAACTTCTCGCTAATG-1","GSM5599226_Cancer2","Monocytic","B cell_plasma","7"
"GSM5599226_Cancer2_TCATTACGTACTCGTA-1","GSM5599226_Cancer2","Monocytic","B cell_plasma","7"
"GSM5599226_Cancer2_TCCCACACATAGGAGC-1","GSM5599226_Cancer2","Monocytic","B cell_plasma","7"
"GSM5599226_Cancer2_TCCCAGTCAGACCCGT-1","GSM5599226_Cancer2","Monocytic","B cell_plasma","7"
"GSM5599226_Cancer2_TCGTCCAAGTGAACAT-1","GSM5599226_Cancer2","Monocytic","B cell_plasma","7"
"GSM5599226_Cancer2_TGGTAGTGTATGGAGC-1","GSM5599226_Cancer2","Monocytic","B cell_plasma","7"
"GSM5599226_Cancer2_TTCACCGCATCCTGTC-1","GSM5599226_Cancer2","Monocytic","B cell_plasma","7"
"GSM5599226_Cancer2_TTCCAATCAATAGTCC-1","GSM5599226_Cancer2","Monocytic","B cell_plasma","7"
"GSM5599227_Cancer3_AACCAACTCTGCATAG-1","GSM5599227_Cancer3","Monocytic","B cell_plasma","7"
"GSM5599227_Cancer3_AACCTTTAGAACGCGT-1","GSM5599227_Cancer3","Monocytic","B cell_plasma","7"
"GSM5599227_Cancer3_ACGGGTCAGTATTGCC-1","GSM5599227_Cancer3","Monocytic","B cell_plasma","7"
"GSM5599227_Cancer3_AGACAAACACGACCTG-1","GSM5599227_Cancer3","Monocytic","B cell_plasma","7"
"GSM5599227_Cancer3_ATGATCGTCGTTCTAT-1","GSM5599227_Cancer3","Monocytic","B cell_plasma","7"
"GSM5599227_Cancer3_CAATTTCAGGTCCAGA-1","GSM5599227_Cancer3","Monocytic","B cell_plasma","7"
"GSM5599227_Cancer3_CATCCGTGTTGGGTTT-1","GSM5599227_Cancer3","Monocytic","B cell_plasma","7"
"GSM5599227_Cancer3_CATCGGGGTCCGATCG-1","GSM5599227_Cancer3","Monocytic","B cell_plasma","7"
"GSM5599227_Cancer3_CATCGTCTCCTTACCG-1","GSM5599227_Cancer3","Monocytic","B cell_plasma","7"
"GSM5599227_Cancer3_CATGCTCTCCTTATAC-1","GSM5599227_Cancer3","Monocytic","B cell_plasma","7"
"GSM5599227_Cancer3_CCACAAACAGGGACTA-1","GSM5599227_Cancer3","Monocytic","B cell_plasma","7"
"GSM5599227_Cancer3_CCACACTTCGCGCCAA-1","GSM5599227_Cancer3","Monocytic","B cell_plasma","7"
"GSM5599227_Cancer3_CGTGAATGTCACCTTC-1","GSM5599227_Cancer3","Monocytic","B cell_plasma","7"
"GSM5599227_Cancer3_CGTTGGGCACGCTGTG-1","GSM5599227_Cancer3","Monocytic","B cell_plasma","7"
"GSM5599227_Cancer3_CTACATTGTTTCGGCG-1","GSM5599227_Cancer3","Monocytic","B cell_plasma","7"
"GSM5599227_Cancer3_CTGGACGTCAACCTTT-1","GSM5599227_Cancer3","Monocytic","B cell_plasma","7"
"GSM5599227_Cancer3_GAGTGAGGTCAGCGTC-1","GSM5599227_Cancer3","Monocytic","B cell_plasma","7"
"GSM5599227_Cancer3_GATGCTAAGTAGGAAG-1","GSM5599227_Cancer3","Monocytic","B cell_plasma","7"
"GSM5599227_Cancer3_GCATCGGAGAGTCTGG-1","GSM5599227_Cancer3","Monocytic","B cell_plasma","7"
"GSM5599227_Cancer3_GGAGGATAGGATGAGA-1","GSM5599227_Cancer3","Monocytic","B cell_plasma","7"
"GSM5599227_Cancer3_GGTGAAGAGACTTCCA-1","GSM5599227_Cancer3","Monocytic","B cell_plasma","7"
"GSM5599227_Cancer3_GTTCGCTTCAACTACG-1","GSM5599227_Cancer3","Monocytic","B cell_plasma","7"
"GSM5599227_Cancer3_TACTTGTAGGTGAGCT-1","GSM5599227_Cancer3","Monocytic","B cell_plasma","7"
"GSM5599227_Cancer3_TATCCTATCAGCCTCT-1","GSM5599227_Cancer3","Monocytic","B cell_plasma","7"
"GSM5599227_Cancer3_TCACGGGCACGATTCA-1","GSM5599227_Cancer3","Monocytic","B cell_plasma","7"
"GSM5599227_Cancer3_TCAGCAAGTATGCGGA-1","GSM5599227_Cancer3","Monocytic","B cell_plasma","7"
"GSM5599227_Cancer3_TCCTGCAGTTGCATAC-1","GSM5599227_Cancer3","Monocytic","B cell_plasma","7"
"GSM5599227_Cancer3_TCGTCCATCTAACGGT-1","GSM5599227_Cancer3","Monocytic","B cell_plasma","7"
"GSM5599227_Cancer3_TGTAAGCAGTAAACAC-1","GSM5599227_Cancer3","Monocytic","B cell_plasma","7"
"GSM5599227_Cancer3_TTCTCTCGTATCGATC-1","GSM5599227_Cancer3","Monocytic","B cell_plasma","7"
"GSM5599229_Cancer5_AAAGGGCCATTCTCCG-1","GSM5599229_Cancer5","Monocytic","B cell_plasma","7"
"GSM5599229_Cancer5_AACAGGGAGTTTCTTC-1","GSM5599229_Cancer5","Monocytic","B cell_plasma","7"
"GSM5599229_Cancer5_AACCTTTGTACCGTCG-1","GSM5599229_Cancer5","Monocytic","B cell_plasma","7"
"GSM5599229_Cancer5_AAGCCATAGCTCTGTA-1","GSM5599229_Cancer5","Monocytic","B cell_plasma","7"
"GSM5599229_Cancer5_AAGTGAAAGCGACTTT-1","GSM5599229_Cancer5","Monocytic","B cell_plasma","7"
"GSM5599229_Cancer5_AATCGACTCATTGCGA-1","GSM5599229_Cancer5","Monocytic","B cell_plasma","7"
"GSM5599229_Cancer5_AATCGTGAGAGTATAC-1","GSM5599229_Cancer5","Monocytic","B cell_plasma","7"
"GSM5599229_Cancer5_AATTCCTAGTGCACCC-1","GSM5599229_Cancer5","Monocytic","B cell_plasma","7"
"GSM5599229_Cancer5_AATTTCCTCGACACTA-1","GSM5599229_Cancer5","Monocytic","B cell_plasma","7"
"GSM5599229_Cancer5_ACACAGTAGTGTAGAT-1","GSM5599229_Cancer5","Monocytic","B cell_plasma","7"
"GSM5599229_Cancer5_ACAGGGAGTCTTCAAG-1","GSM5599229_Cancer5","Monocytic","B cell_plasma","7"
"GSM5599229_Cancer5_ACCAACAGTACACGCC-1","GSM5599229_Cancer5","Monocytic","B cell_plasma","7"
"GSM5599229_Cancer5_ACCAACATCCCGAGTG-1","GSM5599229_Cancer5","Monocytic","B cell_plasma","7"
"GSM5599229_Cancer5_ACCACAAGTCGAACGA-1","GSM5599229_Cancer5","Monocytic","B cell_plasma","7"
"GSM5599229_Cancer5_ACCCAAAGTTTCGACA-1","GSM5599229_Cancer5","Monocytic","B cell_plasma","7"
"GSM5599229_Cancer5_ACCTGTCTCATCGCCT-1","GSM5599229_Cancer5","Monocytic","B cell_plasma","7"
"GSM5599229_Cancer5_ACGTAACTCATGAAAG-1","GSM5599229_Cancer5","Monocytic","B cell_plasma","7"
"GSM5599229_Cancer5_ACTGCAACAGGTTACT-1","GSM5599229_Cancer5","Monocytic","B cell_plasma","7"
"GSM5599229_Cancer5_ACTTTGTCAGGGCTTC-1","GSM5599229_Cancer5","Monocytic","B cell_plasma","7"
"GSM5599229_Cancer5_AGATAGAGTCGTCATA-1","GSM5599229_Cancer5","Monocytic","B cell_plasma","7"
"GSM5599229_Cancer5_AGCCAGCAGGTGGGTT-1","GSM5599229_Cancer5","Monocytic","B cell_plasma","7"
"GSM5599229_Cancer5_AGGACTTCAGTCACGC-1","GSM5599229_Cancer5","Monocytic","B cell_plasma","7"
"GSM5599229_Cancer5_AGGTTACCATGGGTCC-1","GSM5599229_Cancer5","Monocytic","B cell_plasma","7"
"GSM5599229_Cancer5_AGTAGCTGTCACCGCA-1","GSM5599229_Cancer5","Monocytic","B cell_plasma","7"
"GSM5599229_Cancer5_ATACCTTAGGCTTTCA-1","GSM5599229_Cancer5","Monocytic","B cell_plasma","7"
"GSM5599229_Cancer5_ATCGTAGTCCTACAAG-1","GSM5599229_Cancer5","Monocytic","B cell_plasma","7"
"GSM5599229_Cancer5_ATCGTCCGTGCCTTTC-1","GSM5599229_Cancer5","Monocytic","B cell_plasma","7"
"GSM5599229_Cancer5_ATGCGATAGCTGAGTG-1","GSM5599229_Cancer5","Monocytic","B cell_plasma","7"
"GSM5599229_Cancer5_ATGGATCAGGGCTGAT-1","GSM5599229_Cancer5","Monocytic","B cell_plasma","7"
"GSM5599229_Cancer5_ATTACCTAGCTAATGA-1","GSM5599229_Cancer5","Monocytic","B cell_plasma","7"
"GSM5599229_Cancer5_CAACGGCTCGAACCTA-1","GSM5599229_Cancer5","Monocytic","B cell_plasma","7"
"GSM5599229_Cancer5_CAAGAGGCACTGCATA-1","GSM5599229_Cancer5","Monocytic","B cell_plasma","7"
"GSM5599229_Cancer5_CAATCGACAGAGCCCT-1","GSM5599229_Cancer5","Monocytic","B cell_plasma","7"
"GSM5599229_Cancer5_CAATGACGTTTGACAC-1","GSM5599229_Cancer5","Monocytic","B cell_plasma","7"
"GSM5599229_Cancer5_CACGTTCCAGGCAATG-1","GSM5599229_Cancer5","Monocytic","B cell_plasma","7"
"GSM5599229_Cancer5_CACGTTCTCGGAACTT-1","GSM5599229_Cancer5","Monocytic","B cell_plasma","7"
"GSM5599229_Cancer5_CACTGGGGTACAGAGC-1","GSM5599229_Cancer5","Monocytic","B cell_plasma","7"
"GSM5599229_Cancer5_CAGAGCCGTTCAGCTA-1","GSM5599229_Cancer5","Monocytic","B cell_plasma","7"
"GSM5599229_Cancer5_CAGGTATTCCACCTCA-1","GSM5599229_Cancer5","Monocytic","B cell_plasma","7"
"GSM5599229_Cancer5_CATGCCTAGTGCACCC-1","GSM5599229_Cancer5","Monocytic","B cell_plasma","7"
"GSM5599229_Cancer5_CATGCTCTCTTTCGAT-1","GSM5599229_Cancer5","Monocytic","B cell_plasma","7"
"GSM5599229_Cancer5_CCACGAGAGGATACAT-1","GSM5599229_Cancer5","Monocytic","B cell_plasma","7"
"GSM5599229_Cancer5_CCACGTTAGTTGTACC-1","GSM5599229_Cancer5","Monocytic","B cell_plasma","7"
"GSM5599229_Cancer5_CCCTGATCACTCAAGT-1","GSM5599229_Cancer5","Monocytic","B cell_plasma","7"
"GSM5599229_Cancer5_CCGGACATCTCAAAGC-1","GSM5599229_Cancer5","Monocytic","B cell_plasma","7"
"GSM5599229_Cancer5_CCTTGTGGTCGTATGT-1","GSM5599229_Cancer5","Monocytic","B cell_plasma","7"
"GSM5599229_Cancer5_CCTTTGGAGGAACGTC-1","GSM5599229_Cancer5","Monocytic","B cell_plasma","7"
"GSM5599229_Cancer5_CGAGGAATCGCTATTT-1","GSM5599229_Cancer5","Monocytic","B cell_plasma","7"
"GSM5599229_Cancer5_CGATGGCTCGTGACTA-1","GSM5599229_Cancer5","Monocytic","B cell_plasma","7"
"GSM5599229_Cancer5_CGGAACCAGCTATCTG-1","GSM5599229_Cancer5","Monocytic","B cell_plasma","7"
"GSM5599229_Cancer5_CGGAGAAGTGAGTAAT-1","GSM5599229_Cancer5","Monocytic","B cell_plasma","7"
"GSM5599229_Cancer5_CGTGAATAGAAATTCG-1","GSM5599229_Cancer5","Monocytic","B cell_plasma","7"
"GSM5599229_Cancer5_CGTGCTTCAGATCACT-1","GSM5599229_Cancer5","Monocytic","B cell_plasma","7"
"GSM5599229_Cancer5_CTCAGGGGTGGACAGT-1","GSM5599229_Cancer5","Monocytic","B cell_plasma","7"
"GSM5599229_Cancer5_CTCATCGCAAGCTACT-1","GSM5599229_Cancer5","Monocytic","B cell_plasma","7"
"GSM5599229_Cancer5_CTGCATCAGTGAGGCT-1","GSM5599229_Cancer5","Monocytic","B cell_plasma","7"
"GSM5599229_Cancer5_CTGCCATCATCGTGCG-1","GSM5599229_Cancer5","Monocytic","B cell_plasma","7"
"GSM5599229_Cancer5_GAAGGACCACACCTTC-1","GSM5599229_Cancer5","Monocytic","B cell_plasma","7"
"GSM5599229_Cancer5_GAAGGGTTCGAGTCCG-1","GSM5599229_Cancer5","Monocytic","B cell_plasma","7"
"GSM5599229_Cancer5_GACTCAAAGCGCCATC-1","GSM5599229_Cancer5","Monocytic","B cell_plasma","7"
"GSM5599229_Cancer5_GACTGATCAATCTCGA-1","GSM5599229_Cancer5","Monocytic","B cell_plasma","7"
"GSM5599229_Cancer5_GAGACTTCATCTAGAC-1","GSM5599229_Cancer5","Monocytic","B cell_plasma","7"
"GSM5599229_Cancer5_GAGTGTTCAAGGGCAT-1","GSM5599229_Cancer5","Monocytic","B cell_plasma","7"
"GSM5599229_Cancer5_GATCGTATCCGCCTAT-1","GSM5599229_Cancer5","Monocytic","B cell_plasma","7"
"GSM5599229_Cancer5_GATGATCCACCGTCGA-1","GSM5599229_Cancer5","Monocytic","B cell_plasma","7"
"GSM5599229_Cancer5_GATTCGACAGACGCTC-1","GSM5599229_Cancer5","Monocytic","B cell_plasma","7"
"GSM5599229_Cancer5_GCATCGGAGCGACCCT-1","GSM5599229_Cancer5","Monocytic","B cell_plasma","7"
"GSM5599229_Cancer5_GCCAGGTTCGCTAATG-1","GSM5599229_Cancer5","Monocytic","B cell_plasma","7"
"GSM5599229_Cancer5_GCCGTGAAGTTCATCG-1","GSM5599229_Cancer5","Monocytic","B cell_plasma","7"
"GSM5599229_Cancer5_GCGATCGTCTTCCTAA-1","GSM5599229_Cancer5","Monocytic","B cell_plasma","7"
"GSM5599229_Cancer5_GCGTGCAGTAGCACAG-1","GSM5599229_Cancer5","Monocytic","B cell_plasma","7"
"GSM5599229_Cancer5_GCTACCTGTCGTCTCT-1","GSM5599229_Cancer5","Monocytic","B cell_plasma","7"
"GSM5599229_Cancer5_GCTCAAATCGAGAACG-1","GSM5599229_Cancer5","Monocytic","B cell_plasma","7"
"GSM5599229_Cancer5_GGAGAACAGTCGGCCT-1","GSM5599229_Cancer5","Monocytic","B cell_plasma","7"
"GSM5599229_Cancer5_GGAGATGCACAGAGAC-1","GSM5599229_Cancer5","Monocytic","B cell_plasma","7"
"GSM5599229_Cancer5_GGCACGTAGACCATAA-1","GSM5599229_Cancer5","Monocytic","B cell_plasma","7"
"GSM5599229_Cancer5_GGCAGTCCAAACCATC-1","GSM5599229_Cancer5","Monocytic","B cell_plasma","7"
"GSM5599229_Cancer5_GGCGTCATCCTTGACC-1","GSM5599229_Cancer5","Monocytic","B cell_plasma","7"
"GSM5599229_Cancer5_GGGCTACTCGCGGTAC-1","GSM5599229_Cancer5","Monocytic","B cell_plasma","7"
"GSM5599229_Cancer5_GGGTTATAGCTTAGTC-1","GSM5599229_Cancer5","Monocytic","B cell_plasma","7"
"GSM5599229_Cancer5_GGTTAACGTGTCCTAA-1","GSM5599229_Cancer5","Monocytic","B cell_plasma","7"
"GSM5599229_Cancer5_GTCTTTAAGGAAAGGT-1","GSM5599229_Cancer5","Monocytic","B cell_plasma","7"
"GSM5599229_Cancer5_GTGAGCCAGAACCCGA-1","GSM5599229_Cancer5","Monocytic","B cell_plasma","7"
"GSM5599229_Cancer5_GTGAGCCTCACACCCT-1","GSM5599229_Cancer5","Monocytic","B cell_plasma","7"
"GSM5599229_Cancer5_GTGCTTCCATATAGCC-1","GSM5599229_Cancer5","Monocytic","B cell_plasma","7"
"GSM5599229_Cancer5_GTTCTATGTGGGCTTC-1","GSM5599229_Cancer5","Monocytic","B cell_plasma","7"
"GSM5599229_Cancer5_GTTGCGGCAGGTCCGT-1","GSM5599229_Cancer5","Monocytic","B cell_plasma","7"
"GSM5599229_Cancer5_TAACGACGTCTTCGAA-1","GSM5599229_Cancer5","Monocytic","B cell_plasma","7"
"GSM5599229_Cancer5_TAAGTCGAGTGCCAGA-1","GSM5599229_Cancer5","Monocytic","B cell_plasma","7"
"GSM5599229_Cancer5_TACTTCAGTTGCCATA-1","GSM5599229_Cancer5","Monocytic","B cell_plasma","7"
"GSM5599229_Cancer5_TACTTGTGTGACCGTC-1","GSM5599229_Cancer5","Monocytic","B cell_plasma","7"
"GSM5599229_Cancer5_TAGACTGCACGATAGG-1","GSM5599229_Cancer5","Monocytic","B cell_plasma","7"
"GSM5599229_Cancer5_TAGATCGAGTCACTGT-1","GSM5599229_Cancer5","Monocytic","B cell_plasma","7"
"GSM5599229_Cancer5_TAGGAGGTCGCGCCAA-1","GSM5599229_Cancer5","Monocytic","B cell_plasma","7"
"GSM5599229_Cancer5_TCAAGACGTCATGCAT-1","GSM5599229_Cancer5","Monocytic","B cell_plasma","7"
"GSM5599229_Cancer5_TCAAGCAGTGCTGTCG-1","GSM5599229_Cancer5","Monocytic","B cell_plasma","7"
"GSM5599229_Cancer5_TCACGGGCATACAGGG-1","GSM5599229_Cancer5","Monocytic","B cell_plasma","7"
"GSM5599229_Cancer5_TCATGGACATGGCCCA-1","GSM5599229_Cancer5","Monocytic","B cell_plasma","7"
"GSM5599229_Cancer5_TCATTCAGTCAACGCC-1","GSM5599229_Cancer5","Monocytic","B cell_plasma","7"
"GSM5599229_Cancer5_TCCGAAAAGGCGTTAG-1","GSM5599229_Cancer5","Monocytic","B cell_plasma","7"
"GSM5599229_Cancer5_TCGCTCACAGCAGTTT-1","GSM5599229_Cancer5","Monocytic","B cell_plasma","7"
"GSM5599229_Cancer5_TCTGCCAGTCCCACGA-1","GSM5599229_Cancer5","Monocytic","B cell_plasma","7"
"GSM5599229_Cancer5_TCTTAGTTCAGGACGA-1","GSM5599229_Cancer5","Monocytic","B cell_plasma","7"
"GSM5599229_Cancer5_TGAGACTCACTTGGCG-1","GSM5599229_Cancer5","Monocytic","B cell_plasma","7"
"GSM5599229_Cancer5_TGATTTCGTCACTTCC-1","GSM5599229_Cancer5","Monocytic","B cell_plasma","7"
"GSM5599229_Cancer5_TGCATGAAGTGATAAC-1","GSM5599229_Cancer5","Monocytic","B cell_plasma","7"
"GSM5599229_Cancer5_TGCCGAGCAGCCCAGT-1","GSM5599229_Cancer5","Monocytic","B cell_plasma","7"
"GSM5599229_Cancer5_TGCTCGTTCGCTCTAC-1","GSM5599229_Cancer5","Monocytic","B cell_plasma","7"
"GSM5599229_Cancer5_TGGAACTAGTCACTGT-1","GSM5599229_Cancer5","Monocytic","B cell_plasma","7"
"GSM5599229_Cancer5_TGGCGTGCACCTCTAC-1","GSM5599229_Cancer5","Monocytic","B cell_plasma","7"
"GSM5599229_Cancer5_TTCACCGTCCTTCAGC-1","GSM5599229_Cancer5","Monocytic","B cell_plasma","7"
"GSM5599229_Cancer5_TTCAGGAGTTCTCTCG-1","GSM5599229_Cancer5","Monocytic","B cell_plasma","7"
"GSM5599229_Cancer5_TTCGATTCACTTCCTG-1","GSM5599229_Cancer5","Monocytic","B cell_plasma","7"
"GSM5599229_Cancer5_TTCGGTCCAACGATTC-1","GSM5599229_Cancer5","Monocytic","B cell_plasma","7"
"GSM5599229_Cancer5_TTGGGATAGCGAGTAC-1","GSM5599229_Cancer5","Monocytic","B cell_plasma","7"
"GSM5599229_Cancer5_TTTACTGCAGCGTAGA-1","GSM5599229_Cancer5","Monocytic","B cell_plasma","7"
"GSM5599229_Cancer5_TTTCGATCATGCAGCC-1","GSM5599229_Cancer5","Monocytic","B cell_plasma","7"
"GSM5599230_Cancer6_AGAAATGTCCACCCTA-1","GSM5599230_Cancer6","Monocytic","B cell_plasma","7"
"GSM5599230_Cancer6_AGAAGTAGTGAAAGTT-1","GSM5599230_Cancer6","Monocytic","B cell_plasma","7"
"GSM5599230_Cancer6_ATTTCACTCTGCACCT-1","GSM5599230_Cancer6","Monocytic","B cell_plasma","7"
"GSM5599230_Cancer6_CATGCAAAGGGATCGT-1","GSM5599230_Cancer6","Monocytic","B cell_plasma","7"
"GSM5599230_Cancer6_CCACGTTAGACGGAAA-1","GSM5599230_Cancer6","Monocytic","B cell_plasma","7"
"GSM5599230_Cancer6_GACAGCCAGGGTGAAA-1","GSM5599230_Cancer6","Monocytic","B cell_plasma","7"
"GSM5599230_Cancer6_TCCTCTTAGATTAGTG-1","GSM5599230_Cancer6","Monocytic","B cell_plasma","7"
"GSM5599230_Cancer6_TCGTAGAAGGAACGTC-1","GSM5599230_Cancer6","Monocytic","B cell_plasma","7"
"GSM5599230_Cancer6_TCTTCCTCAGAATCGG-1","GSM5599230_Cancer6","Monocytic","B cell_plasma","7"
"GSM5599230_Cancer6_TGTTCATTCTGCATAG-1","GSM5599230_Cancer6","Monocytic","B cell_plasma","7"
"GSM5599231_Cancer7_AAAGGATTCGTAACTG-1","GSM5599231_Cancer7","Monocytic","B cell_plasma","7"
"GSM5599231_Cancer7_AACAAAGTCCGAGGCT-1","GSM5599231_Cancer7","Monocytic","B cell_plasma","7"
"GSM5599231_Cancer7_AAGAACACACCGTACG-1","GSM5599231_Cancer7","Monocytic","B cell_plasma","7"
"GSM5599231_Cancer7_AAGCGTTAGCTGGCTC-1","GSM5599231_Cancer7","Monocytic","B cell_plasma","7"
"GSM5599231_Cancer7_AAGGAATAGGCTAAAT-1","GSM5599231_Cancer7","Monocytic","B cell_plasma","7"
"GSM5599231_Cancer7_AATGAAGTCGAGTTGT-1","GSM5599231_Cancer7","Monocytic","B cell_plasma","7"
"GSM5599231_Cancer7_AATTCCTTCTCTGACC-1","GSM5599231_Cancer7","Monocytic","B cell_plasma","7"
"GSM5599231_Cancer7_ACACTGATCTGATGGT-1","GSM5599231_Cancer7","Monocytic","B cell_plasma","7"
"GSM5599231_Cancer7_ACATCCCAGCCATATC-1","GSM5599231_Cancer7","Monocytic","B cell_plasma","7"
"GSM5599231_Cancer7_ACCAAACCAGATCCAT-1","GSM5599231_Cancer7","Monocytic","B cell_plasma","7"
"GSM5599231_Cancer7_ACGTCCTGTTCCCAAA-1","GSM5599231_Cancer7","Monocytic","B cell_plasma","7"
"GSM5599231_Cancer7_AGAGCAGGTAAGCTCT-1","GSM5599231_Cancer7","Monocytic","B cell_plasma","7"
"GSM5599231_Cancer7_AGATGAATCTTTGCTA-1","GSM5599231_Cancer7","Monocytic","B cell_plasma","7"
"GSM5599231_Cancer7_AGCGTATGTCTGGTTA-1","GSM5599231_Cancer7","Monocytic","B cell_plasma","7"
"GSM5599231_Cancer7_AGCTCAAAGATAGTCA-1","GSM5599231_Cancer7","Monocytic","B cell_plasma","7"
"GSM5599231_Cancer7_AGGCCACGTACTCAAC-1","GSM5599231_Cancer7","Monocytic","B cell_plasma","7"
"GSM5599231_Cancer7_AGGTAGGAGGAACTAT-1","GSM5599231_Cancer7","Monocytic","B cell_plasma","7"
"GSM5599231_Cancer7_ATTACCTGTACAGAGC-1","GSM5599231_Cancer7","Monocytic","B cell_plasma","7"
"GSM5599231_Cancer7_ATTACTCGTTCTCCTG-1","GSM5599231_Cancer7","Monocytic","B cell_plasma","7"
"GSM5599231_Cancer7_CAACAACTCTACAGGT-1","GSM5599231_Cancer7","Monocytic","B cell_plasma","7"
"GSM5599231_Cancer7_CAACCAATCAACACCA-1","GSM5599231_Cancer7","Monocytic","B cell_plasma","7"
"GSM5599231_Cancer7_CAACCTCTCACCATAG-1","GSM5599231_Cancer7","Monocytic","B cell_plasma","7"
"GSM5599231_Cancer7_CAAGAGGAGCCACAAG-1","GSM5599231_Cancer7","Monocytic","B cell_plasma","7"
"GSM5599231_Cancer7_CAATTTCGTGCATCTA-1","GSM5599231_Cancer7","Monocytic","B cell_plasma","7"
"GSM5599231_Cancer7_CAGCACGAGTATTCCG-1","GSM5599231_Cancer7","Monocytic","B cell_plasma","7"
"GSM5599231_Cancer7_CAGCGTGGTCCTGGGT-1","GSM5599231_Cancer7","Monocytic","B cell_plasma","7"
"GSM5599231_Cancer7_CAGGCCACACTGTCCT-1","GSM5599231_Cancer7","Monocytic","B cell_plasma","7"
"GSM5599231_Cancer7_CATCCCATCATGGTAC-1","GSM5599231_Cancer7","Monocytic","B cell_plasma","7"
"GSM5599231_Cancer7_CATGAGTCATGATGCT-1","GSM5599231_Cancer7","Monocytic","B cell_plasma","7"
"GSM5599231_Cancer7_CATGCCTCATGTTCGA-1","GSM5599231_Cancer7","Monocytic","B cell_plasma","7"
"GSM5599231_Cancer7_CATGCTCTCGTTCTAT-1","GSM5599231_Cancer7","Monocytic","B cell_plasma","7"
"GSM5599231_Cancer7_CATGGATAGTCGGCCT-1","GSM5599231_Cancer7","Monocytic","B cell_plasma","7"
"GSM5599231_Cancer7_CATTGTTAGCACTCTA-1","GSM5599231_Cancer7","Monocytic","B cell_plasma","7"
"GSM5599231_Cancer7_CCCTCAAGTAATGTGA-1","GSM5599231_Cancer7","Monocytic","B cell_plasma","7"
"GSM5599231_Cancer7_CCTCAGTTCCTGTACC-1","GSM5599231_Cancer7","Monocytic","B cell_plasma","7"
"GSM5599231_Cancer7_CCTCCAAGTTCTCGCT-1","GSM5599231_Cancer7","Monocytic","B cell_plasma","7"
"GSM5599231_Cancer7_CGGACACGTGCAATAA-1","GSM5599231_Cancer7","Monocytic","B cell_plasma","7"
"GSM5599231_Cancer7_CTACCCAAGTCTAGAA-1","GSM5599231_Cancer7","Monocytic","B cell_plasma","7"
"GSM5599231_Cancer7_CTATAGGAGTCTTCCC-1","GSM5599231_Cancer7","Monocytic","B cell_plasma","7"
"GSM5599231_Cancer7_CTCCCTCTCAAACTGC-1","GSM5599231_Cancer7","Monocytic","B cell_plasma","7"
"GSM5599231_Cancer7_CTGCGAGCAGAAACCG-1","GSM5599231_Cancer7","Monocytic","B cell_plasma","7"
"GSM5599231_Cancer7_CTGCTCAGTGAGTCAG-1","GSM5599231_Cancer7","Monocytic","B cell_plasma","7"
"GSM5599231_Cancer7_CTTCTAAGTACCTAAC-1","GSM5599231_Cancer7","Monocytic","B cell_plasma","7"
"GSM5599231_Cancer7_GAAGCCCCACGGATCC-1","GSM5599231_Cancer7","Monocytic","B cell_plasma","7"
"GSM5599231_Cancer7_GACGCTGCAAATGGTA-1","GSM5599231_Cancer7","Monocytic","B cell_plasma","7"
"GSM5599231_Cancer7_GACTTCCCATGACGAG-1","GSM5599231_Cancer7","Monocytic","B cell_plasma","7"
"GSM5599231_Cancer7_GACTTCCTCTCGTCGT-1","GSM5599231_Cancer7","Monocytic","B cell_plasma","7"
"GSM5599231_Cancer7_GATCATGTCTCATTAC-1","GSM5599231_Cancer7","Monocytic","B cell_plasma","7"
"GSM5599231_Cancer7_GATGGAGCACTTACAG-1","GSM5599231_Cancer7","Monocytic","B cell_plasma","7"
"GSM5599231_Cancer7_GATTCGATCACGAACT-1","GSM5599231_Cancer7","Monocytic","B cell_plasma","7"
"GSM5599231_Cancer7_GATTGGTAGCGGATCA-1","GSM5599231_Cancer7","Monocytic","B cell_plasma","7"
"GSM5599231_Cancer7_GATTTCTCACAGAGAC-1","GSM5599231_Cancer7","Monocytic","B cell_plasma","7"
"GSM5599231_Cancer7_GCGTTTCCAAGGGCAT-1","GSM5599231_Cancer7","Monocytic","B cell_plasma","7"
"GSM5599231_Cancer7_GCTGAATAGTTGTAAG-1","GSM5599231_Cancer7","Monocytic","B cell_plasma","7"
"GSM5599231_Cancer7_GGGAGATCACGAGGAT-1","GSM5599231_Cancer7","Monocytic","B cell_plasma","7"
"GSM5599231_Cancer7_GGGTCACAGCATGTTC-1","GSM5599231_Cancer7","Monocytic","B cell_plasma","7"
"GSM5599231_Cancer7_GGGTCTGCACTTGGCG-1","GSM5599231_Cancer7","Monocytic","B cell_plasma","7"
"GSM5599231_Cancer7_GGTGAAGAGCGTATGG-1","GSM5599231_Cancer7","Monocytic","B cell_plasma","7"
"GSM5599231_Cancer7_GTAGAGGAGCGCTGAA-1","GSM5599231_Cancer7","Monocytic","B cell_plasma","7"
"GSM5599231_Cancer7_GTAGTACAGTGGACGT-1","GSM5599231_Cancer7","Monocytic","B cell_plasma","7"
"GSM5599231_Cancer7_GTCACGGGTGTGCTTA-1","GSM5599231_Cancer7","Monocytic","B cell_plasma","7"
"GSM5599231_Cancer7_GTCATCCCACTGAGGA-1","GSM5599231_Cancer7","Monocytic","B cell_plasma","7"
"GSM5599231_Cancer7_GTCATTTGTGTAGTGG-1","GSM5599231_Cancer7","Monocytic","B cell_plasma","7"
"GSM5599231_Cancer7_GTGGTTATCACCTCAC-1","GSM5599231_Cancer7","Monocytic","B cell_plasma","7"
"GSM5599231_Cancer7_GTTAGTGTCGGTGCAC-1","GSM5599231_Cancer7","Monocytic","B cell_plasma","7"
"GSM5599231_Cancer7_GTTTGGATCTACGCAA-1","GSM5599231_Cancer7","Monocytic","B cell_plasma","7"
"GSM5599231_Cancer7_TAATCTCAGAGAGCAA-1","GSM5599231_Cancer7","Monocytic","B cell_plasma","7"
"GSM5599231_Cancer7_TAGTGCAGTCTCGACG-1","GSM5599231_Cancer7","Monocytic","B cell_plasma","7"
"GSM5599231_Cancer7_TCATGCCTCGCTTGAA-1","GSM5599231_Cancer7","Monocytic","B cell_plasma","7"
"GSM5599231_Cancer7_TCATTACTCCAGCTCT-1","GSM5599231_Cancer7","Monocytic","B cell_plasma","7"
"GSM5599231_Cancer7_TCATTGTGTACAGCGA-1","GSM5599231_Cancer7","Monocytic","B cell_plasma","7"
"GSM5599231_Cancer7_TCCATCGAGCACAAAT-1","GSM5599231_Cancer7","Monocytic","B cell_plasma","7"
"GSM5599231_Cancer7_TCCATCGCACGAGGAT-1","GSM5599231_Cancer7","Monocytic","B cell_plasma","7"
"GSM5599231_Cancer7_TCCATGCAGCTAAATG-1","GSM5599231_Cancer7","Monocytic","B cell_plasma","7"
"GSM5599231_Cancer7_TCCATGCCATTCAGCA-1","GSM5599231_Cancer7","Monocytic","B cell_plasma","7"
"GSM5599231_Cancer7_TCGATTTTCGCTGACG-1","GSM5599231_Cancer7","Monocytic","B cell_plasma","7"
"GSM5599231_Cancer7_TCTCCGATCGTCAACA-1","GSM5599231_Cancer7","Monocytic","B cell_plasma","7"
"GSM5599231_Cancer7_TGCAGTACAACCGATT-1","GSM5599231_Cancer7","Monocytic","B cell_plasma","7"
"GSM5599231_Cancer7_TGCGGGTTCCGTAGGC-1","GSM5599231_Cancer7","Monocytic","B cell_plasma","7"
"GSM5599231_Cancer7_TGTGCGGAGTATCTGC-1","GSM5599231_Cancer7","Monocytic","B cell_plasma","7"
"GSM5599231_Cancer7_TTACGCCTCACTTCTA-1","GSM5599231_Cancer7","Monocytic","B cell_plasma","7"
"GSM5599231_Cancer7_TTAGTCTAGACGTCCC-1","GSM5599231_Cancer7","Monocytic","B cell_plasma","7"
"GSM5599231_Cancer7_TTCATGTTCACTCACC-1","GSM5599231_Cancer7","Monocytic","B cell_plasma","7"
"GSM5599231_Cancer7_TTCTTCCGTGAGACGT-1","GSM5599231_Cancer7","Monocytic","B cell_plasma","7"
"GSM5599231_Cancer7_TTGCGTCCACTCCACT-1","GSM5599231_Cancer7","Monocytic","B cell_plasma","7"
"GSM5599231_Cancer7_TTGGGATTCCTACTGC-1","GSM5599231_Cancer7","Monocytic","B cell_plasma","7"
