"orig.ident","sample_S1","clinical_stage"
"GSM5599220_Norm1","Norm1","Nonmalignant"
"GSM5599221_Norm2","Norm2","Nonmalignant"
"GSM5599222_Norm3","Norm3","Nonmalignant"
"GSM5599223_Norm4","Norm4","Nonmalignant"
"GSM5599224_Norm5","Norm5","Nonmalignant"
"GSM5599225_Cancer1","Cancer1","Advanced"
"GSM5599226_Cancer2","Cancer2","Advanced"
"GSM5599227_Cancer3","Cancer3","Early"
"GSM5599228_Cancer4","Cancer4","Early"
"GSM5599229_Cancer5","Cancer5","Advanced"
"GSM5599230_Cancer6","Cancer6","Advanced"
"GSM5599231_Cancer7","Cancer7","Early"
