"p_val","avg_log2FC","pct.1","pct.2","p_val_adj","cluster","gene"
1.79497004299475e-108,7.55172038906152,0.26,0.013,4.00655263296858e-104,"9","LYPD2"
2.60826406618202e-106,6.73287140939296,0.13,0.002,5.82190622212488e-102,"9","SH2D1B"
1.5869700690818e-104,6.21230704639012,0.169,0.004,3.54227589119748e-100,"9","CEACAM3"
1.4708746032371e-165,5.57238433614622,0.344,0.014,3.28313920188554e-161,"9","NEURL1"
4.88999247745661e-226,5.56822108826247,0.526,0.025,1.09149522089309e-221,"9","CD79B"
3.41807146188082e-163,5.11491245733465,0.753,0.097,7.62947731006417e-159,"9","CDKN1C"
2.48606954986628e-118,5.07017132433351,0.286,0.014,5.54915584225651e-114,"9","TNFRSF8"
1.21580137591384e-120,4.68489893363529,0.383,0.027,2.71379025117728e-116,"9","CDH23"
9.15999951767348e-50,4.64444242808041,0.169,0.013,2.0446034923399e-45,"9","AC064805.1"
5.04688179758622e-56,4.55609201182545,0.208,0.018,1.12651448603922e-51,"9","L1TD1"
2.51835588805642e-42,4.41385974520546,0.11,0.006,5.62122217773074e-38,"9","LINC02384"
5.88629187572892e-80,4.3149880388357,0.344,0.035,1.31387920958145e-75,"9","CYFIP2"
4.83821167527903e-14,4.06088706253677,0.104,0.018,1.07993722803903e-09,"9","IGFBP6"
1.70838561418489e-83,3.91477319887649,0.481,0.069,3.81328752942209e-79,"9","S1PR4"
1.68074855896406e-78,3.89818906630294,0.416,0.054,3.75159885846367e-74,"9","TESC"
5.80915229830911e-84,3.88311275859018,0.357,0.035,1.29666088450558e-79,"9","P2RX1"
4.02487009478289e-88,3.8227249074623,0.37,0.036,8.98391253856488e-84,"9","SYTL1"
2.43585037496227e-49,3.81818101915451,0.169,0.013,5.43706162195329e-45,"9","ADGRE3"
1.29869846829338e-49,3.76921319639624,0.156,0.011,2.89882485107765e-45,"9","RAB37"
1.57947901365395e-158,3.75334840634166,0.727,0.086,3.52555510637699e-154,"9","RIPOR2"
5.29152929216509e-24,3.27912878726695,0.132,0.052,1.18112225330417e-19,"0","LYVE1"
3.32588524702699e-115,3.10926276461154,0.458,0.177,7.42370845988895e-111,"0","SELENOP"
1.47957092335494e-32,2.65482820824293,0.153,0.053,3.30255025802056e-28,"0","LILRB5"
1.94932152181803e-53,2.50695392846339,0.363,0.187,4.35108056885004e-49,"0","FOLR2"
3.41155803188506e-56,2.30233792698639,0.359,0.174,7.61493868297065e-52,"0","SLC40A1"
3.52133470782689e-24,2.21711307840065,0.342,0.236,7.85997120134039e-20,"0","F13A1"
4.34170267496676e-53,2.18506723724197,0.257,0.095,9.69111454079332e-49,"0","IGF1"
4.36218406028911e-18,2.05363988342568,0.116,0.048,9.73683104097132e-14,"0","KCNJ5"
2.18771072709719e-51,2.02073209023489,0.43,0.252,4.88318911395363e-47,"0","MRC1"
3.6552500940783e-20,1.92981878425134,0.167,0.082,8.15888373499217e-16,"0","WLS"
2.41810042115593e-09,1.91401036204743,0.117,0.068,5.39744195006216e-05,"0","ME1"
2.9002036467034e-12,1.70583720770911,0.138,0.077,6.47354455980666e-08,"0","RYR1"
1.30980933620709e-11,1.68693631624604,0.192,0.127,2.92362541934785e-07,"0","SLC46A3"
1.6964535054518e-87,1.66372280263308,0.675,0.475,3.78665386951896e-83,"0","MAF"
4.11598689913318e-08,1.63409755869031,0.101,0.058,0.000918729435755517,"0","USP51"
2.71901486356242e-16,1.56333198726472,0.254,0.17,6.06911307695768e-12,"0","CCDC170"
3.05724008738524e-09,1.53644230144262,0.134,0.082,6.82406559905259e-05,"0","SLC18B1"
4.46400224340024e-20,1.53382795952994,0.228,0.132,9.96409940749368e-16,"0","SCN1B"
6.6565574281023e-20,1.49023941170801,0.177,0.089,1.48581018352672e-15,"0","NCKAP5"
3.21388193793393e-11,1.45028379902451,0.138,0.078,7.17370587366233e-07,"0","IGSF21"
2.76056398790328e-16,3.47653500049473,0.137,0.048,6.16185487739891e-12,"7","IGF2"
8.16278919139933e-10,2.76178175571185,0.169,0.091,1.82201617541224e-05,"7","ENO2"
3.60156139084501e-07,1.88426009975139,0.377,0.337,0.00803904518050516,"7","NUPR1"
2.77125802045811e-07,1.83117986492692,0.433,0.445,0.00618572502746455,"7","WFDC2"
2.57277306195939e-08,1.30664440103576,0.039,0.138,0.000574268675159956,"7","ABCF2"
1.20000368526942e-06,1.24020931742701,0.093,0.207,0.0267852822588987,"7","ERC1"
1.94518491208145e-08,1.21404385032313,0.03,0.124,0.000434184724225701,"7","BLOC1S5"
1.74152741842473e-08,1.20050857702126,0.051,0.159,0.000388726335066583,"7","CHD1L"
1.29450898649304e-06,1.19992401272597,0.056,0.147,0.0288947350875111,"7","KEAP1"
3.89397928059924e-08,1.17436529914542,0.03,0.12,0.000869175115222557,"7","GON7"
1.2114852190597e-08,1.16771539908803,0.069,0.192,0.000270415615746316,"7","MYL6B"
8.46956325013479e-07,1.16305676067496,0.044,0.13,0.0189049121306259,"7","D2HGDH"
1.27009636588177e-07,1.15026595305967,0.102,0.23,0.00283498209828469,"7","NT5C3A"
1.76089777716025e-07,1.14791352545415,0.095,0.222,0.00393049992839939,"7","MAGED2"
1.26867786458101e-10,1.14729354901429,0.056,0.188,2.83181586153127e-06,"7","TPGS2"
3.29757971487329e-07,1.14464945225261,0.037,0.123,0.00736052768156867,"7","ZNF688"
2.52153013895462e-08,1.13666680082753,0.044,0.146,0.00056283074231606,"7","CMAS"
2.1263678858921e-08,1.12062678991252,0.153,0.331,0.000474626575809976,"7","MRPS6"
4.16219121156991e-11,1.11291537535356,0.035,0.158,9.29042700334519e-07,"7","DCUN1D5"
2.53168958901191e-07,1.11135762615933,0.037,0.125,0.00565098433163348,"7","ZFAND1"
7.49490306840855e-27,2.9431392912613,0.112,0.02,1.67293731389947e-22,"8","FCER1A"
9.94620909110352e-120,2.82638204399607,0.546,0.116,2.22009333122522e-115,"8","CLEC10A"
2.03964965415327e-58,2.69054018828228,0.459,0.151,4.55270199303551e-54,"8","IL10"
5.33095151524468e-35,2.45202824313827,0.291,0.094,1.18992168771776e-30,"8","CST6"
1.33729755828902e-171,2.3362331797811,0.776,0.173,2.98498187985693e-167,"8","EREG"
7.25798192498536e-98,2.33518340919847,0.401,0.07,1.62005414547598e-93,"8","PID1"
7.55983407973041e-45,2.32247523010263,0.221,0.045,1.68743056493663e-40,"8","SEMA6B"
6.66957841776094e-80,2.06399979183001,0.454,0.108,1.48871659862842e-75,"8","MARCO"
1.41243912849929e-27,2.06304094858776,0.286,0.104,3.15270537872327e-23,"8","NAF1"
4.17526057440766e-41,2.03346659940845,0.193,0.037,9.31959912813534e-37,"8","MCEMP1"
3.5046079990344e-32,2.0204957942262,0.258,0.076,7.82263551464468e-28,"8","IL1A"
9.59942673808125e-41,2.01270036229743,0.275,0.072,2.14268804220712e-36,"8","THBS1"
7.43793970090674e-83,1.98438929581916,0.846,0.405,1.66022252063939e-78,"8","CXCL2"
1.96982414933588e-53,1.97407467606333,0.627,0.292,4.39684448373262e-49,"8","INSIG1"
1.75841072474533e-62,1.96805428226064,0.658,0.277,3.92494857870406e-58,"8","FBP1"
1.73087224501367e-21,1.96495996888171,0.157,0.043,3.86347993809502e-17,"8","FLT1"
1.3867172343456e-57,1.95325285852383,0.322,0.073,3.0952915387828e-53,"8","AREG"
2.17435811747813e-27,1.92859511891602,0.151,0.034,4.85338475402294e-23,"8","CD1C"
3.21825707732344e-75,1.91926906287555,0.964,0.645,7.18347162229365e-71,"8","TIMP1"
1.61998335490833e-50,1.90688170003779,0.289,0.066,3.61596484649089e-46,"8","PTGER2"
0,6.33194650967827,0.749,0.049,0,"5","S100A12"
8.48877638027795e-81,6.14800770564617,0.105,0.004,1.89477977584184e-76,"5","PADI4"
9.16442853307087e-100,5.03114566641061,0.143,0.007,2.04559209286675e-95,"5","NFE2"
0,4.74664057316623,0.97,0.299,0,"5","S100A8"
8.83285354998036e-303,4.64137838045545,0.989,0.49,1.97158124089112e-298,"5","S100A9"
3.86534484299457e-62,4.44169949360695,0.116,0.01,8.62783622404818e-58,"5","S1PR3"
1.4368885557203e-76,4.0977521776197,0.171,0.02,3.20727894522328e-72,"5","NHSL2"
8.23909084801291e-164,4.08889012523966,0.365,0.046,1.83904746818496e-159,"5","CDA"
6.82681167039118e-63,4.08015083742687,0.154,0.02,1.52381263294802e-58,"5","CES1"
1.37025561829372e-309,3.81683554269668,0.66,0.087,3.05854756559342e-305,"5","CFP"
0,3.7845122585134,0.922,0.206,0,"5","VCAN"
3.13025183074937e-265,3.7628135752858,0.694,0.133,6.98703511141567e-261,"5","LGALS2"
6.46546848474916e-163,3.66204433000285,0.392,0.053,1.44315722048086e-158,"5","THBS1"
1.88784278800508e-40,3.56603161692407,0.152,0.032,4.21385388710615e-36,"5","CLEC4D"
1.24521427833107e-66,3.56201398845874,0.141,0.015,2.77944279066278e-62,"5","MPP7"
3.1176327899879e-49,3.52342568534468,0.124,0.016,6.95886815053198e-45,"5","CRISPLD2"
1.9180440753175e-69,3.49911486402947,0.243,0.049,4.28126618051618e-65,"5","VNN2"
0,3.49452158181645,0.949,0.208,0,"5","FCN1"
7.96474068788345e-112,3.46055120851885,0.378,0.079,1.77780976894246e-107,"5","RBP7"
2.38994046768841e-83,3.45692522164548,0.247,0.041,5.33458611792729e-79,"5","NRG1"
0,4.69203186728486,0.567,0.046,0,"4","CXCL11"
9.32140900068399e-97,4.51016961619408,0.129,0.006,2.08063170304267e-92,"4","PLA2G2D"
1.75628646910248e-176,3.97530973743812,0.297,0.023,3.92020702768364e-172,"4","IDO1"
1.21951241306162e-305,3.84539734366177,0.813,0.164,2.72207365719484e-301,"4","CXCL10"
1.5117640327667e-159,3.72729731145274,0.209,0.009,3.37440849753855e-155,"4","KCNJ10"
2.26282065795291e-321,3.60731559337943,0.681,0.094,5.05084199061669e-317,"4","CXCL9"
2.97929440761966e-224,3.56394205513126,0.328,0.02,6.65008304724785e-220,"4","UBD"
2.43441871960315e-134,3.24397334639013,0.289,0.034,5.4338660240262e-130,"4","VCAM1"
2.74036886264398e-155,3.19893896525283,0.319,0.035,6.11677733830764e-151,"4","CD274"
9.78375235334935e-69,3.18728786811799,0.114,0.008,2.18383136279111e-64,"4","LINC01914"
6.00616800062523e-131,3.10675776819822,0.416,0.079,1.34063675941956e-126,"4","APOBEC3A"
5.7683415826166e-67,3.0060682096142,0.197,0.033,1.28755152465585e-62,"4","CCL7"
3.23433033940419e-69,2.9876392816331,0.11,0.008,7.21934875058409e-65,"4","GRIN3A"
2.02526405258834e-128,2.97366250067436,0.436,0.091,4.52059189178243e-124,"4","CCL8"
6.43954924698365e-205,2.93818330967136,0.679,0.16,1.43737178741922e-200,"4","RSAD2"
1.88320217151005e-110,2.91557087955092,0.204,0.018,4.20349556702759e-106,"4","IL27"
3.91132763827013e-154,2.83313515700018,0.465,0.09,8.73047442138275e-150,"4","ADAMDEC1"
4.47454896192132e-235,2.82069909807727,0.666,0.132,9.98764073790459e-231,"4","ANKRD22"
2.44318176376869e-200,2.81881962438205,0.676,0.165,5.45342601490809e-196,"4","ISG20"
3.13361877324483e-77,2.78335253655718,0.129,0.01,6.99455046375979e-73,"4","AL162414.1"
3.24757963499307e-47,2.57200724112809,0.108,0.013,7.24892250326804e-43,"2","LINC01736"
1.53097646693661e-87,2.44346001367862,0.204,0.026,3.41729257184921e-83,"2","CLEC9A"
6.60251592680609e-152,1.9917903434149,0.655,0.189,1.47374758002239e-147,"2","CX3CR1"
1.44699426621984e-36,1.98928884075746,0.119,0.022,3.22983590162931e-32,"2","AL390729.1"
1.81308966045956e-58,1.95412506106069,0.238,0.057,4.04699743111179e-54,"2","SSPN"
1.97278165890967e-35,1.94797347662956,0.108,0.019,4.40344594085227e-31,"2","AP003481.1"
2.36131296547242e-43,1.85871072236527,0.149,0.029,5.270686670231e-39,"2","FAM212A"
5.82919847422194e-42,1.80747382839481,0.197,0.052,1.30113539143108e-37,"2","FAM159A"
5.65022871999126e-139,1.80715298482183,0.775,0.321,1.26118755258925e-134,"2","HLA-DQA2"
2.12301728271514e-27,1.74962073732223,0.1,0.021,4.73878687674846e-23,"2","EML1"
1.3884188142685e-35,1.71305390258282,0.169,0.045,3.09908963532871e-31,"2","CHRNA6"
2.1285627495631e-68,1.6787850551386,0.345,0.1,4.7511649132998e-64,"2","SLC12A5"
6.60187465574046e-163,1.66403737085289,0.831,0.313,1.47360444190783e-158,"2","LTC4S"
7.83611774379877e-122,1.65459909665505,0.756,0.312,1.74909984159332e-117,"2","BHLHE41"
9.13285094781856e-17,1.65401778246577,0.114,0.04,2.03854366006258e-12,"2","TMEM156"
8.82495494893029e-150,1.65205823118978,0.729,0.234,1.96981819415073e-145,"2","PLD4"
1.96593181072561e-113,1.62316974080102,0.647,0.227,4.38815639472063e-109,"2","OLFML3"
1.16445990144428e-21,1.60547667381439,0.119,0.035,2.59919094601377e-17,"2","SPNS3"
2.24245715572349e-113,1.59518266027382,0.714,0.276,5.0053886172904e-109,"2","FCGBP"
8.66400440496785e-19,1.56337624986061,0.161,0.063,1.93389242323287e-14,"2","CH25H"
7.99700554907188e-215,5.78377067003066,0.218,0.003,1.78501160860833e-210,"1","SKA1"
3.35446648814821e-222,5.75702332073151,0.228,0.003,7.48750464819562e-218,"1","HIST1H3G"
2.17388884170148e-322,5.66304307035624,0.337,0.006,4.85233728356188e-318,"1","KIF15"
1.24035968892594e-297,5.58272372985148,0.309,0.006,2.76860686165159e-293,"1","SPC24"
1.17691815427994e-254,5.53186929318066,0.261,0.004,2.62699901216826e-250,"1","HIST1H3B"
5.69289227944577e-248,5.34655410212086,0.26,0.005,1.27071048569509e-243,"1","DEPDC1B"
0,5.3321520536887,0.512,0.009,0,"1","GTSE1"
0,5.29502741853138,0.521,0.019,0,"1","ASPM"
0,5.2696149953069,0.38,0.008,0,"1","BUB1B"
1.37158856315916e-148,5.23328750974162,0.161,0.003,3.06152283182755e-144,"1","RAD54L"
7.86913486755157e-197,5.21665938071884,0.196,0.002,1.75646959378619e-192,"1","NEK2"
0,5.2004134028693,0.482,0.012,0,"1","AURKB"
0,5.16374769987787,0.523,0.016,0,"1","CEP55"
1.30765697734633e-272,5.15988951972274,0.271,0.003,2.91882113913474e-268,"1","KIF18B"
3.61192755258546e-271,5.1501860097614,0.282,0.005,8.062183490126e-267,"1","CDCA2"
0,5.13301754492555,0.417,0.012,0,"1","RRM2"
0,5.10482315587991,0.536,0.023,0,"1","TPX2"
0,5.10088696402075,0.7,0.032,0,"1","MKI67"
0,5.0998018040413,0.648,0.037,0,"1","TOP2A"
7.65801751053932e-321,5.07963898958478,0.321,0.004,1.70934608852748e-316,"1","SPC25"
4.52566333527019e-26,2.64490622714933,0.134,0.038,1.01017331306566e-21,"3","TLCD2"
3.75702203415252e-36,2.36642410862063,0.328,0.153,8.38604888243184e-32,"3","Z93241.1"
6.87658753096808e-23,2.24901261225361,0.231,0.107,1.53492310278739e-18,"3","LINC00346"
5.56909933927953e-15,2.20788209448707,0.226,0.126,1.24307866352058e-10,"3","METTL12"
9.94859479797179e-32,2.19496032271134,0.345,0.179,2.22062584485528e-27,"3","AL360012.1"
2.80320993177706e-25,2.17135647193464,0.275,0.137,6.25704488871957e-21,"3","ICAM4"
6.95618437028701e-120,2.1341622358111,0.806,0.492,1.55268991329176e-115,"3","TNF"
4.52505669745422e-14,2.13099435612613,0.189,0.099,1.01003790543876e-09,"3","AC106028.4"
9.72352398801188e-19,2.03078881230506,0.302,0.179,2.17038778936413e-14,"3","EGR3"
2.61690570664594e-54,2.02987971461308,0.586,0.38,5.84119522780441e-50,"3","PMAIP1"
4.84798587747738e-26,1.97840596103701,0.41,0.274,1.08211892771173e-21,"3","HEXIM1"
5.30607173931529e-103,1.97118553346973,0.864,0.575,1.18436827293257e-98,"3","CCL4L2"
1.77056827922206e-27,1.94915226521137,0.36,0.207,3.95208545605156e-23,"3","MIR222HG"
8.46297351598937e-09,1.94639172146493,0.149,0.085,0.000188902031850399,"3","HIF1A-AS2"
2.68399403679877e-19,1.94039492964641,0.42,0.323,5.99094308953854e-15,"3","GPR84"
1.91847883909505e-12,1.91812112168851,0.176,0.093,4.28223661674405e-08,"3","AC110769.2"
2.93729548520055e-09,1.90006311084584,0.169,0.1,6.55633725251615e-05,"3","ZSWIM4"
4.04815543843136e-19,1.8735899407975,0.286,0.165,9.03588775412265e-15,"3","POLG2"
2.31915990219114e-14,1.86610475105313,0.174,0.085,5.17659681768084e-10,"3","AC004817.3"
7.57477680533431e-14,1.85195380479622,0.178,0.088,1.69076593071867e-09,"3","CXCL1"
1.08972946182578e-138,3.83057562429299,0.283,0.028,2.43238513174133e-134,"6","SLAMF9"
1.33546861336099e-154,3.10608811763417,0.502,0.098,2.98089949188306e-150,"6","SLC2A1"
3.7894242720504e-83,2.72000209489625,0.177,0.018,8.4583739176437e-79,"6","TM4SF19"
1.22174856537188e-68,2.59473782741341,0.254,0.051,2.72706497276657e-64,"6","LPL"
4.13171600802157e-74,2.56428759573567,0.217,0.033,9.22240330150496e-70,"6","PLPP3"
7.88500351072807e-84,2.54138129125751,0.417,0.114,1.76001163362961e-79,"6","RAB42"
5.50075404756179e-38,2.44436126401607,0.177,0.042,1.22782331095627e-33,"6","SLC6A8"
8.5638980196012e-52,2.40945912289252,0.138,0.019,1.91154767695518e-47,"6","GPR146"
1.34830867178473e-41,2.28434361555942,0.165,0.034,3.00955978629069e-37,"6","MT1H"
2.35498070553619e-30,2.26718425171046,0.118,0.024,5.25655243282733e-26,"6","LY9"
8.02669346672927e-104,2.26622550505345,0.579,0.193,1.79163824870864e-99,"6","ADM"
1.81544162218288e-118,2.25109811224013,0.65,0.226,4.05224724487442e-114,"6","BNIP3"
8.08697851671949e-140,2.22787099093792,0.411,0.065,1.80509447471696e-135,"6","ENO2"
2.34199472214607e-47,2.20241966153279,0.156,0.027,5.22756641930224e-43,"6","TMEM45A"
8.59152238357201e-46,2.1941265651026,0.169,0.032,1.91771371123711e-41,"6","MT1M"
1.04854378291067e-26,2.1919481774856,0.177,0.056,2.34045457783491e-22,"6","NMB"
4.56400402068416e-72,2.18410034876874,0.232,0.039,1.01873133745691e-67,"6","PLOD2"
2.70016122926563e-93,2.18193694634709,0.858,0.486,6.02702987984382e-89,"6","FABP5"
3.57919139814745e-50,2.18192307843895,0.154,0.024,7.98911311980493e-46,"6","CCL28"
3.90319581969521e-106,2.16872992028095,0.441,0.101,8.71232338914169e-102,"6","MMP19"
