"Var1","Var2","Freq"
"0","B cell_plasma",0
"1","B cell_plasma",0
"2","B cell_plasma",0
"3","B cell_plasma",0
"4","B cell_plasma",0
"5","B cell_plasma",0
"6","B cell_plasma",1259
"7","B cell_plasma",0
"0","Cell cycle cell",0
"1","Cell cycle cell",0
"2","Cell cycle cell",0
"3","Cell cycle cell",0
"4","Cell cycle cell",0
"5","Cell cycle cell",1512
"6","Cell cycle cell",0
"7","Cell cycle cell",0
"0","Endothelia",0
"1","Endothelia",0
"2","Endothelia",0
"3","Endothelia",0
"4","Endothelia",2310
"5","Endothelia",0
"6","Endothelia",0
"7","Endothelia",0
"0","Epithelia",0
"1","Epithelia",13999
"2","Epithelia",0
"3","Epithelia",0
"4","Epithelia",0
"5","Epithelia",0
"6","Epithelia",0
"7","Epithelia",0
"0","Fibroblast",0
"1","Fibroblast",0
"2","Fibroblast",9782
"3","Fibroblast",0
"4","Fibroblast",0
"5","Fibroblast",0
"6","Fibroblast",0
"7","Fibroblast",0
"0","Monocytic",0
"1","Monocytic",0
"2","Monocytic",0
"3","Monocytic",6625
"4","Monocytic",0
"5","Monocytic",0
"6","Monocytic",0
"7","Monocytic",0
"0","SMC_myoFibroblast",0
"1","SMC_myoFibroblast",0
"2","SMC_myoFibroblast",0
"3","SMC_myoFibroblast",0
"4","SMC_myoFibroblast",0
"5","SMC_myoFibroblast",0
"6","SMC_myoFibroblast",0
"7","SMC_myoFibroblast",1070
"0","T cell",18546
"1","T cell",0
"2","T cell",0
"3","T cell",0
"4","T cell",0
"5","T cell",0
"6","T cell",0
"7","T cell",0
