"","p_val","avg_log2FC","pct.1","pct.2","p_val_adj"
"NOTCH3",0,5.42721422668926,0.869,0.107,0
"PLAC9",0,5.59183693978156,0.828,0.068,0
"MCAM",0,4.51086484508612,0.895,0.141,0
"TINAGL1",0,5.24319200763667,0.804,0.082,0
"NDUFA4L2",0,6.04459868751424,0.733,0.034,0
"C11orf96",0,3.47382499642732,0.943,0.248,0
"RGS5",0,7.40348432852537,0.731,0.042,0
"ACTA2",0,4.15021284709244,0.935,0.262,0
"GUCY1A3",0,5.07048060252931,0.712,0.04,0
"SPARCL1",0,2.00227294811459,0.926,0.262,0
"PDGFRB",0,3.84437873732967,0.832,0.169,0
"CARMN",0,4.02659245553986,0.802,0.144,0
"MAP1B",0,3.59836254953107,0.834,0.179,0
"TIMP3",0,3.40301002096547,0.826,0.173,0
"FRZB",0,4.13865965228593,0.757,0.111,0
"LHFPL6",0,3.62055160122749,0.847,0.208,0
"A2M",0,2.13471957423672,0.879,0.241,0
"SEPT4",0,6.09426193292077,0.671,0.036,0
"ADIRF",0,4.78464334110108,0.879,0.255,0
"TAGLN",0,3.59556952303799,0.926,0.304,0
"SOD3",0,4.54263873258142,0.75,0.128,0
"TBX2",0,5.46553505963125,0.679,0.057,0
"BGN",0,3.45152748685904,0.8,0.18,0
"CAV1",0,2.60490873952497,0.912,0.296,0
"MYLK",0,2.24524191135503,0.85,0.238,0
"COX7A1",0,3.12649061956309,0.783,0.172,0
"CPE",0,3.09141640136195,0.822,0.216,0
"MGP",0,2.19214430106251,0.894,0.292,0
"GUCY1B3",0,4.90380836637757,0.658,0.056,0
"SLIT3",0,4.05673611483863,0.703,0.106,0
"PDLIM1",0,2.94494322389556,0.787,0.206,0
"GUCY1A2",0,6.01365198614735,0.617,0.036,0
"ESAM",0,2.65564243572247,0.628,0.05,0
"GJC1",0,5.89871205503955,0.608,0.03,0
"TGFB1I1",0,2.98564140328919,0.807,0.231,0
"MFGE8",0,3.0468424356865,0.893,0.318,0
"JAG1",0,3.39855246346745,0.746,0.174,0
"CAV2",0,2.90093778048547,0.816,0.246,0
"PPP1R14A",0,3.11529067717645,0.86,0.293,0
"PDGFA",0,4.69118106776656,0.654,0.088,0
"GJA4",0,4.07929753124527,0.598,0.032,0
"EPAS1",0,2.65491015263964,0.746,0.182,0
"HES4",0,3.33668360080554,0.726,0.164,0
"CAVIN3",0,3.11671334885203,0.803,0.242,0
"CRIP2",0,1.91552078835409,0.794,0.235,0
"SYNPO2",0,2.95803662708672,0.74,0.184,0
"TPM2",0,2.84933201051028,0.965,0.411,0
"ITGA7",0,5.64467332126468,0.59,0.037,0
"EBF1",0,3.27346206457474,0.678,0.126,0
"MYL9",0,3.36181624926282,0.965,0.418,0
"RRAS",0,2.83730054752977,0.823,0.28,0
"ITGA1",0,2.48117305664039,0.741,0.202,0
"HIGD1B",0,6.46714003785535,0.563,0.024,0
"MYH11",0,5.0366852626386,0.621,0.088,0
"COX4I2",0,7.38028545555707,0.54,0.008,0
"NR2F2",0,2.36944789618907,0.923,0.397,0
"EFHD1",0,4.12243530424572,0.606,0.081,0
"CAVIN1",0,2.2698361951818,0.843,0.318,0
"IGFBP7",0,3.03974623017318,0.992,0.469,0
"RASL12",0,5.10564007892177,0.553,0.03,0
"BCAM",0,1.5069596449232,0.735,0.212,0
"COL4A2",0,3.26622995077291,0.837,0.314,0
"EPS8",0,2.63491532527357,0.795,0.275,0
"MSRB3",0,2.99006185508467,0.678,0.158,0
"FILIP1L",0,2.46137109472579,0.766,0.248,0
"FILIP1",0,4.37684658491793,0.563,0.046,0
"ARHGEF17",0,3.83509005601251,0.628,0.112,0
"CALD1",0,2.76538199891394,0.985,0.47,0
"MEF2C",0,2.29926720974818,0.816,0.301,0
"TPPP3",0,4.41348374581517,0.569,0.054,0
"DKK3",0,3.4334170475362,0.611,0.1,0
"EDNRA",0,3.67338567091621,0.592,0.083,0
"CSRP2",0,3.86669098916873,0.658,0.149,0
"TPM1",0,2.76331401128045,0.944,0.437,0
"COL3A1",0,0.935434418453965,0.822,0.316,0
"CCDC102B",0,5.662496935874,0.539,0.036,0
"MRVI1",0,4.09090151291892,0.571,0.068,0
"KANK2",0,2.57836197707705,0.758,0.257,0
"ADGRF5",0,2.97507054024111,0.562,0.063,0
"COL18A1",0,3.10628387848991,0.87,0.372,0
"COL6A2",0,1.13006274577547,0.868,0.372,0
"ID3",0,3.05182837663807,0.767,0.274,0
"ID4",0,2.74427746156116,0.707,0.215,0
"COL1A2",0,0.556154163161216,0.876,0.385,0
"GPX3",0,2.46795922733196,0.665,0.175,0
"COL4A1",0,3.12060321416805,0.766,0.276,0
"DLC1",0,2.7176068812444,0.633,0.147,0
"MAP3K20",0,2.69037763414782,0.768,0.284,0
"PLS3",0,2.42574821084105,0.758,0.274,0
"EHD2",0,2.66787610660402,0.698,0.215,0
"CSPG4",0,6.35249147153769,0.498,0.016,0
"SELENOM",0,2.40427207610621,0.884,0.402,0
"RBPMS",0,2.47453591232931,0.711,0.23,0
"PGF",0,5.5084089811175,0.508,0.028,0
"TNS1",0,2.63076599544327,0.716,0.238,0
"RCAN2",0,4.18679949847543,0.543,0.066,0
"GEM",0,3.89878125525195,0.538,0.061,0
"ENPEP",0,6.2156883149907,0.49,0.019,0
"CAMK2N1",0,2.65504568450476,0.674,0.204,0
"PRKG1",0,4.45820227948562,0.518,0.048,0
"RERG",0,3.44218175105271,0.564,0.094,0
"ISYNA1",0,2.44239261436367,0.699,0.229,0
"SPARC",0,1.64749317974244,0.881,0.412,0
"ADGRA2",0,3.27904663935105,0.582,0.115,0
"CRYAB",0,1.81333513592727,0.671,0.205,0
"LMOD1",0,3.94116482426612,0.535,0.07,0
"PDE1A",0,5.01091607449797,0.493,0.032,0
"FOXS1",0,5.25769496928826,0.488,0.028,0
"RNF152",0,4.26186543586512,0.521,0.065,0
"FAM162B",0,6.94227010290164,0.458,0.008,0
"TMEM47",0,3.37154608719321,0.542,0.096,0
"KLHL23",0,3.03375024527243,0.587,0.141,0
"INPP4B",0,2.36746040799523,0.537,0.094,0
"CCDC3",0,3.40805909935616,0.554,0.112,0
"PALLD",0,2.21895676651044,0.724,0.283,0
"PMEPA1",0,2.51576162819232,0.711,0.27,0
"NEURL1B",0,3.08008192454215,0.546,0.107,0
"FXYD1",0,2.45478428200675,0.63,0.192,0
"NRGN",0,3.84714362301147,0.505,0.068,0
"COL1A1",0,0.335509303865629,0.821,0.384,0
"CDH6",0,3.92373538743406,0.493,0.057,0
"SDC2",0,2.10966824212209,0.697,0.261,0
"LINGO1",0,5.23031033814938,0.464,0.03,0
"IGFBP5",0,1.84439083134407,0.745,0.312,0
"AXL",0,2.58778102843175,0.589,0.156,0
"PKIG",0,2.29054363843194,0.652,0.221,0
"PRRX1",0,2.49003391083668,0.523,0.095,0
"OLFML2B",0,3.90219375296468,0.494,0.066,0
"CNN3",0,1.70195186910003,0.809,0.382,0
"C2orf40",0,5.33261885857687,0.473,0.046,0
"NEXN",0,2.86982274031633,0.576,0.149,0
"SORBS3",0,2.4767857791072,0.621,0.195,0
"AKAP12",0,1.5151551193372,0.682,0.258,0
"ZFHX3",0,1.98957481848947,0.679,0.255,0
"NES",0,3.02874585568659,0.496,0.073,0
"IGFBP4",0,0.874918220214621,0.8,0.378,0
"LRRC32",0,3.65771475321498,0.49,0.068,0
"TFPI",0,2.55111320532319,0.531,0.112,0
"ARHGAP29",0,1.86584263081152,0.606,0.187,0
"PPP1R12B",0,2.15100212191672,0.641,0.223,0
"RGS16",0,2.56441414147318,0.579,0.161,0
"AOC3",0,4.00903156442233,0.482,0.065,0
"FXYD6",0,2.39551160916772,0.645,0.23,0
"PDLIM3",0,1.98289422395976,0.586,0.171,0
"PARM1",0,4.47963518515216,0.452,0.038,0
"PTP4A3",0,3.02354907901943,0.539,0.125,0
"RASL11A",0,4.66750883021381,0.45,0.038,0
"RASGRP2",0,2.41772136646811,0.484,0.072,0
"AEBP1",0,0.725953857983579,0.688,0.276,0
"VCL",0,1.88139435368984,0.734,0.325,0
"ATP1B2",0,4.19417943637201,0.442,0.035,0
"C1QTNF1",0,3.17866367756885,0.511,0.105,0
"C9orf3",0,1.73786516932922,0.698,0.292,0
"FERMT2",0,1.94070607296472,0.677,0.272,0
"PLN",0,7.12122752094967,0.421,0.016,0
"PTK2",0,2.09399259620469,0.675,0.271,0
"NDRG2",0,1.99826320573223,0.636,0.233,0
"TNS2",0,2.44068775065775,0.579,0.176,0
"COL5A2",0,1.68452428039588,0.619,0.22,0
"PDE3A",0,5.05337124816344,0.427,0.029,0
"FN1",0,0.449116114686414,0.779,0.382,0
"GNG11",0,0.369379772359671,0.704,0.308,0
"SYTL2",0,1.61613110107226,0.529,0.134,0
"LMNA",0,1.3918740699342,0.927,0.533,0
"CSRP1",0,2.48360087866976,0.76,0.366,0
"COL14A1",0,2.20192948238368,0.543,0.149,0
"NFASC",0,2.74385965770912,0.499,0.106,0
"EDIL3",0,3.03516213735662,0.486,0.093,0
"RRAD",0,4.31537234871556,0.442,0.049,0
"NTRK2",0,3.87807029775138,0.449,0.057,0
"CYB5R3",0,1.77638846552051,0.763,0.372,0
"DAAM2",0,3.8385770797126,0.446,0.056,0
"FHL1",0,2.84982738666692,0.536,0.146,0
"PLXDC1",0,3.95104264719309,0.439,0.05,0
"ZEB2",0,1.01190879974579,0.801,0.413,0
"COL6A1",0,0.471731707256088,0.798,0.411,0
"COBLL1",0,2.41877528726543,0.532,0.146,0
"PDE5A",0,4.03176594658444,0.436,0.051,0
"CRISPLD2",0,2.95237876896021,0.511,0.126,0
"SEMA5A",0,3.73249767401975,0.453,0.069,0
"ANGPT2",0,2.32478781506114,0.447,0.065,0
"KCNJ8",0,6.04988118522541,0.397,0.015,0
"FAT1",0,2.95907702718951,0.537,0.156,0
"ACTN1",0,1.69846496374233,0.749,0.369,0
"FBLIM1",0,2.34600148740382,0.56,0.181,0
"GSN",0,0.832620520771141,0.87,0.491,0
"CD151",0,1.60774369565713,0.822,0.444,0
"ARPC1A",0,1.74385675848668,0.767,0.39,0
"UACA",0,2.89975192790178,0.687,0.311,0
"HEY2",0,4.2894954311695,0.421,0.045,0
"AVPR1A",0,7.29720493032235,0.381,0.006,0
"TJP1",0,1.77681889626742,0.64,0.266,0
"CRIP1",0,1.53698304917808,0.659,0.286,0
"MAP3K7CL",0,4.73075965132841,0.405,0.032,0
"NID1",0,2.05476323276304,0.569,0.198,0
"OAZ2",0,2.35298253387786,0.694,0.323,0
"PHLDB2",0,2.92790923897313,0.452,0.082,0
"RERGL",0,8.76303664175279,0.372,0.004,0
"ADCY3",0,2.01396372256768,0.57,0.204,0
"PHLDA2",0,2.84241656038255,0.495,0.129,0
"VASN",0,2.27538830468269,0.552,0.187,0
"ABCC9",0,5.77675072825969,0.382,0.017,0
"NT5DC2",0,2.21289359631872,0.584,0.22,0
"FHL5",0,6.23519389911199,0.373,0.009,0
"PDLIM5",0,1.68830936627432,0.655,0.292,0
"MYO1B",0,2.68441427216495,0.521,0.159,0
"MT1E",0,0.883694210147884,0.744,0.382,0
"UBA2",0,1.771623019073,0.708,0.347,0
"CD59",0,1.47737708465418,0.835,0.475,0
"HEYL",0,3.82247951872733,0.401,0.042,0
"CD9",0,1.38112076903315,0.686,0.327,0
"FAM13C",0,3.52428323849795,0.416,0.057,0
"LBH",0,1.5565374544583,0.69,0.332,0
"MPRIP",0,1.54423730088731,0.678,0.321,0
"LGI4",0,6.98660054485718,0.361,0.004,0
"PDLIM2",0,1.48870817905985,0.693,0.336,0
"MAP1LC3A",0,1.70679588135634,0.637,0.281,0
"PDLIM7",0,1.68030834699727,0.654,0.299,0
"EVA1B",0,1.7720888121249,0.679,0.325,0
"NRP1",0,1.59007004112756,0.602,0.248,0
"PAWR",0,1.37918207074692,0.696,0.343,0
"HCFC1R1",0,1.74453892528583,0.693,0.34,0
"C1orf54",0,2.22789699927058,0.451,0.099,0
"SERPINI1",0,4.13829389377798,0.407,0.055,0
"TSC22D1",0,1.53691793090569,0.785,0.434,0
"DSTN",0,2.68367393135488,0.937,0.587,0
"H2AFJ",0,1.47244642770414,0.766,0.416,0
"COL5A3",0,3.94903145563489,0.381,0.034,0
"DMD",0,2.5390135732403,0.486,0.14,0
"ANGPT1",0,4.10547756638713,0.379,0.033,0
"CNN1",0,3.35099211367545,0.418,0.072,0
"LPP",0,1.66786255415449,0.82,0.475,0
"KLF9",0,1.63866813586133,0.608,0.263,0
"NDN",0,1.522989920041,0.589,0.244,0
"PMP22",0,0.883807738971928,0.617,0.272,0
"CACNA1C",0,4.61321703853821,0.368,0.024,0
"TTLL7",0,4.42677272584012,0.389,0.048,0
"PLEKHH3",0,2.70330859918461,0.476,0.136,0
"CCND1",0,2.00224475050563,0.524,0.185,0
"CRIM1",0,2.14029855190212,0.595,0.257,0
"MAPRE2",0,1.55155755534991,0.52,0.186,0
"MGST3",0,1.72425867031071,0.908,0.576,0
"WFDC1",0,2.87034952449607,0.404,0.073,0
"ARHGAP10",0,1.88759575168909,0.518,0.188,0
"CYSTM1",0,1.43803996775149,0.645,0.316,0
"GPRC5C",0,2.58634825720477,0.472,0.143,0
"SERPING1",0,0.85987851000078,0.728,0.4,0
"CD248",0,3.61110457182583,0.408,0.08,0
"GAS6",0,1.08447712284805,0.696,0.368,0
"LAPTM4A",0,1.11980587657361,0.921,0.594,0
"NUDT4",0,2.01208931973341,0.621,0.294,0
"LURAP1L",0,4.12768311574288,0.37,0.044,0
"RSU1",0,1.65062779622961,0.625,0.299,0
"ECM2",0,1.89186786670722,0.47,0.145,0
"TNFSF12",0,1.28826253705538,0.571,0.246,0
"PTPRG",0,1.63882311243879,0.518,0.194,0
"ESD",0,1.34267442390635,0.761,0.437,0
"ROCK2",0,1.48295353277732,0.673,0.35,0
"LAMB2",0,1.45022587315824,0.641,0.318,0
"MAGED2",0,1.31660530525105,0.773,0.45,0
"SORT1",0,1.98141169393698,0.458,0.137,0
"DST",0,1.34471569980151,0.691,0.37,0
"PRSS23",0,1.95168651996642,0.602,0.282,0
"PTGIR",0,3.8132525199227,0.344,0.024,0
"ADAMTS1",0,1.8027541692825,0.578,0.258,0
"CST3",0,0.399054126477795,0.913,0.594,0
"LAMC1",0,1.35541074478627,0.651,0.332,0
"MYO1C",0,1.4715639581266,0.607,0.288,0
"STOM",0,1.21724478325402,0.698,0.379,0
"BEX3",0,0.474983374872025,0.766,0.448,0
"IFITM3",0,1.4273557259321,0.964,0.646,0
"TUBA1A",0,1.19904924913362,0.892,0.575,0
"NFIB",0,1.22293414713906,0.599,0.282,0
"ILK",0,1.43683082517349,0.705,0.388,0
"YBX3",0,1.01951257460098,0.844,0.527,0
"ANTXR1",0,1.47798075460388,0.537,0.222,0
"GNAI1",0,2.41027225162062,0.44,0.125,0
"ARHGAP42",0,3.51062014736092,0.379,0.064,0
"INAFM1",0,2.05212952999771,0.504,0.19,0
"THY1",0,2.41096582347638,0.527,0.214,0
"THBS1",0,1.68412096466079,0.55,0.237,0
"RAP2A",0,2.2469869590804,0.479,0.166,0
"RABGAP1",0,1.80732174386014,0.567,0.255,0
"SEPT11",0,1.86882309593393,0.654,0.343,0
"FAM241A",0,2.08195517618785,0.391,0.08,0
"RAB13",0,0.886954927679738,0.725,0.415,0
"TIMP1",0,0.495781015554643,0.904,0.595,0
"ARID5B",0,1.21247369923388,0.731,0.422,0
"HIP1",0,1.59648343105516,0.516,0.209,0
"PTN",0,2.97852184367712,0.404,0.097,0
"SLC7A2",0,2.15287241224772,0.479,0.172,0
"TBC1D1",0,1.47646154737678,0.52,0.214,0
"SBDS",0,1.31041645342222,0.738,0.432,0
"NRARP",0,3.96340269572069,0.35,0.044,0
"MYADM",0,1.27042996279957,0.768,0.462,0
"WNT6",0,4.17883138027227,0.336,0.031,0
"REM1",0,5.84281711474397,0.315,0.011,0
"RAPGEF5",0,2.47411805975364,0.392,0.089,0
"CLMN",0,3.1729193179279,0.39,0.087,0
"NCK2",0,1.41621407496973,0.572,0.269,0
"GSTM3",0,0.581373114363734,0.604,0.302,0
"SERPINH1",0,0.791590111892644,0.717,0.416,0
"CRTAP",0,1.34428631337851,0.688,0.387,0
"MT1M",0,3.86937074829958,0.383,0.083,0
"S1PR3",0,3.67863982991708,0.344,0.045,0
"FOXC1",0,2.91162632749839,0.398,0.1,0
"ANO1",0,4.63813650709638,0.328,0.03,0
"WTIP",0,2.47812722656848,0.455,0.157,0
"ADAMTS4",0,2.39789584990507,0.38,0.082,0
"CPM",0,2.28361620127332,0.425,0.127,0
"PLPP1",0,1.67082243359007,0.441,0.144,0
"FLNA",0,1.47272191935141,0.911,0.614,0
"PTEN",0,1.26114714813409,0.713,0.416,0
"PCDH18",0,2.5990072593588,0.386,0.09,0
"ATP1A2",0,4.43870341524379,0.313,0.017,0
"OR51E1",0,6.54169168904117,0.302,0.006,0
"SGCA",0,7.69832958746491,0.299,0.003,0
"LGALSL",0,2.97046729989087,0.393,0.098,0
"ARHGAP1",0,1.60058918208351,0.529,0.234,0
"PHLDA1",0,1.38387923134566,0.594,0.299,0
"DACT3",0,3.38146125755429,0.35,0.056,0
"PTMS",0,1.06511945205276,0.934,0.641,0
"NUPR1",0,0.798171008737559,0.707,0.414,0
"AKT3",0,1.31061962667673,0.463,0.171,0
"HRC",0,8.0168743161462,0.295,0.003,0
"CLIC4",0,1.37021070087274,0.578,0.287,0
"IGFBP2",0,0.25689406578094,0.74,0.449,0
"PELO",0,1.83298641958235,0.452,0.162,0
"FARP1",0,1.68626992214525,0.523,0.233,0
"RCSD1",0,0.826208823786344,0.425,0.135,0
"LEPROT",0,1.12847553362018,0.771,0.482,0
"MXRA8",0,1.76557271970247,0.427,0.138,0
"PPIC",0,0.867785944023735,0.589,0.3,0
"RBMS3",0,1.79635563345666,0.459,0.171,0
"SGCB",0,1.65128015196546,0.512,0.224,0
"KCNMB1",0,3.23119074049591,0.332,0.044,0
"DDR2",0,1.44781272645849,0.522,0.235,0
"PTH1R",0,4.81342604291216,0.306,0.019,0
"DDAH2",0,1.0508210657194,0.703,0.416,0
"LRRC10B",0,6.43911137040439,0.295,0.009,0
"SELENOW",0,1.54555657558959,0.907,0.622,0
"NBEAL1",0,1.42306754147805,0.568,0.283,0
"KIAA0040",0,1.41775407930809,0.448,0.165,0
"SGCE",0,1.39239976889111,0.506,0.223,0
"EPB41L2",0,1.18197127387739,0.592,0.309,0
"HSPB2",0,3.15696102181231,0.352,0.069,0
"CHCHD10",0,1.07753495009392,0.693,0.41,0
"NENF",0,0.99818428679023,0.744,0.462,0
"EPHA3",0,7.09263811486687,0.287,0.005,0
"PPP1R12A",0,1.35776227606274,0.831,0.549,0
"NET1",0,3.08409846010451,0.439,0.159,0
"ARHGEF25",0,2.67634376862521,0.371,0.091,0
"RUNX1T1",0,2.34418347196566,0.379,0.1,0
"CTGF",0,1.08356571207294,0.527,0.249,0
"ADI1",0,1.20053919117621,0.679,0.402,0
"TUBB6",0,1.13295653511223,0.532,0.255,0
"LDB3",0,6.83806893635729,0.284,0.007,0
"ZNF703",0,2.22651011891169,0.391,0.115,0
"GGT5",0,2.83840333923239,0.38,0.104,0
"FSTL1",0,0.641583819326341,0.569,0.293,0
"LGALS3BP",0,0.59370199919807,0.75,0.476,0
"LZTS1",0,3.89947924371482,0.302,0.028,0
"RHOC",0,1.07147999668123,0.753,0.48,0
"SLC8A1",0,1.39662225136251,0.367,0.094,0
"MGLL",0,2.12526446732654,0.379,0.107,0
"SLCO3A1",0,1.35207863800372,0.488,0.216,0
"ASAH1",0,1.04858721943268,0.694,0.422,0
"TCF4",0,0.638515707909057,0.681,0.41,0
"LTBP1",0,2.58429699716956,0.421,0.15,0
"FRY",0,2.76861028930092,0.334,0.063,0
"EPN2",0,1.4736945282497,0.504,0.233,0
"NPTN",0,1.27968421611774,0.603,0.332,0
"HSPB1",0,0.942902017923263,0.921,0.651,0
"NTN4",0,2.87734797852077,0.379,0.109,0
"SMTN",0,1.84919395439413,0.429,0.159,0
"TLN1",0,1.14806767918032,0.824,0.555,0
"CLEC11A",0,1.2836684021468,0.555,0.287,0
"B3GNT2",0,1.47221760002939,0.452,0.184,0
"SELENOP",0,0.351824060557912,0.665,0.397,0
"PEAK1",0,2.01171806993149,0.44,0.172,0
"SYDE1",0,2.59355484757526,0.36,0.092,0
"SYPL1",0,0.889900843190433,0.663,0.396,0
"MRGPRF",0,2.61299316776292,0.366,0.099,0
"CBX6",0,1.28741707403651,0.556,0.29,0
"KIRREL1",0,2.37812770147115,0.41,0.144,0
"MIR4435-2HG",0,2.33840468932729,0.473,0.207,0
"HES1",0,1.44074972602497,0.493,0.229,0
"SH3BGRL",0,1.22589945713211,0.844,0.58,0
"IER5L",0,0.799578534372953,0.612,0.348,0
"SNCG",0,1.70517027800378,0.404,0.14,0
"C12orf57",0,0.939700354529106,0.881,0.617,0
"ENAH",0,1.21638398672028,0.587,0.323,0
"PLCE1",0,2.63812592828714,0.357,0.094,0
"SPTBN1",0,0.482456744646514,0.711,0.449,0
"ANXA6",0,0.878487988829039,0.719,0.458,0
"MTHFD2",0,1.33800494818501,0.496,0.236,0
"BATF3",0,3.30104700425756,0.293,0.034,0
"RTL8C",0,1.06701962494023,0.604,0.345,0
"TCIM",0,1.66396971872267,0.401,0.142,0
"MYC",0,2.10653256407607,0.536,0.277,0
"ACTG2",0,1.95510171021452,0.34,0.082,0
"KLHDC8B",0,1.97183787672526,0.418,0.16,0
"CACNA1H",0,3.3557609685861,0.303,0.045,0
"LAMA4",0,1.22103879383451,0.494,0.237,0
"SMIM10",0,2.47527608198635,0.358,0.101,0
"PARVA",0,1.31448729762635,0.532,0.275,0
"HSPA2",0,2.51039565118393,0.364,0.107,0
"PXDN",0,1.16560081991044,0.523,0.267,0
"EDNRB",0,2.8378754026943,0.292,0.036,0
"MICU3",0,2.33793460362159,0.35,0.095,0
"FRMD4A",0,1.3661761803601,0.396,0.141,0
"PEAR1",0,2.45141199349533,0.317,0.063,0
"RHOB",0,1.3311111714422,0.737,0.483,0
"FEZ1",0,1.65634722994096,0.391,0.137,0
"SEMA5B",0,4.91054437824901,0.268,0.015,0
"SSPN",0,1.31672804771863,0.521,0.268,0
"ADAP2",0,0.700131757972494,0.345,0.092,0
"SEPT10",0,1.49444704340149,0.472,0.22,0
"CTDSPL",0,1.67634322377188,0.458,0.206,0
"TMEM14C",0,0.754860046148812,0.756,0.504,0
"CAP2",0,3.32469508003332,0.328,0.076,0
"RBPMS2",0,4.00281122395778,0.287,0.035,0
"MXRA7",0,0.950413004823077,0.59,0.338,0
"APP",0,0.283548171371951,0.72,0.468,0
"KCNS3",0,3.53308770109271,0.292,0.041,0
"SYNM",0,3.23619053190341,0.301,0.05,0
"DGKH",0,1.19091268813017,0.425,0.175,0
"MT2A",0,0.748266626195368,0.924,0.674,0
"NFIA",0,0.801344695176824,0.593,0.344,0
"SORBS1",0,3.44987776400716,0.301,0.052,0
"CYR61",0,1.43604818915211,0.563,0.314,0
"AIG1",0,1.39793818295979,0.523,0.275,0
"LAMC3",0,3.26660809080754,0.294,0.046,0
"ROCK1",0,0.979746464459298,0.782,0.534,0
"KCNE4",0,3.02879386247045,0.29,0.042,0
"EFEMP2",0,0.870853021868694,0.559,0.312,0
"GNG12",0,1.2858758304263,0.515,0.268,0
"APBB2",0,1.72243553980551,0.413,0.166,0
"DYNLT3",0,1.09422472852951,0.528,0.282,0
"IMPA2",0,2.44607957872144,0.379,0.133,0
"IGFBP6",0,0.290991838808843,0.408,0.162,0
"ARL3",0,1.06186145954227,0.584,0.338,0
"CYTOR",0,1.39443902387016,0.556,0.311,0
"ARID5A",0,0.824370947518063,0.453,0.208,0
"LINC01197",0,2.39334690204461,0.327,0.082,0
"SOCS3",0,1.97943984523709,0.675,0.431,0
"MAP1A",0,2.10811594727929,0.335,0.091,0
"SLC29A1",0,2.36017793414636,0.364,0.12,0
"BMP1",0,2.03272826208869,0.424,0.18,0
"SPRY1",0,1.14277678991963,0.461,0.218,0
"PLCL1",0,2.72840745490196,0.297,0.054,0
"TUSC1",0,2.03695968626782,0.396,0.154,0
"NAB1",0,1.45592723728994,0.426,0.184,0
"TM4SF1",0,0.50906817077867,0.515,0.273,0
"GPR20",0,6.14742800408759,0.251,0.009,0
"C5orf24",0,1.06685756772079,0.571,0.329,0
"NME4",0,1.14756285573775,0.568,0.326,0
"LTBP4",0,0.611769429298577,0.549,0.308,0
"SEPT8",0,1.76958678299078,0.404,0.163,0
"TESC",0,2.13591005975288,0.332,0.091,0
"YWHAQ",0,0.723793881791048,0.813,0.572,0
"MARVELD1",0,1.69753120847496,0.412,0.171,0
"FAM213A",0,1.19633191284963,0.462,0.222,0
"ITGB1",0,1.55417370467061,0.92,0.68,0
"OSBPL1A",0,1.36320724958272,0.505,0.265,0
"TACC1",0,0.704892120023096,0.707,0.467,0
"UTRN",0,0.368553453130667,0.673,0.434,0
"RASAL2",0,1.55983862711843,0.403,0.165,0
"VSTM4",0,1.83674057148726,0.352,0.114,0
"NFATC4",0,1.99139594347398,0.39,0.153,0
"CKB",0,2.07467127717495,0.461,0.224,0
"ANXA5",0,0.592233051628601,0.865,0.628,0
"EGR1",0,1.54859392222916,0.782,0.545,0
"ST6GALNAC6",0,1.0468895445951,0.479,0.242,0
"MCRIP1",0,0.884943265613786,0.642,0.405,0
"TMEM74B",0,5.07913508462154,0.25,0.013,0
"TPM4",0,1.07352424255733,0.894,0.657,0
"ACTN4",0,0.945105884873941,0.841,0.604,0
"LGALS1",0,1.28031085178405,0.981,0.744,0
"TCEAL9",0,0.449139794104516,0.664,0.428,0
"SERPINB6",0,0.753517830034511,0.622,0.386,0
"FAM129A",0,1.36597331448904,0.418,0.183,0
"GINM1",0,0.927092107395482,0.59,0.355,0
"OLFML2A",0,2.61875455694575,0.321,0.087,0
"AFAP1L2",0,1.47879579121263,0.35,0.116,0
"NT5C3B",0,1.5859995908029,0.431,0.197,0
"EPB41L1",0,2.38747214111432,0.361,0.127,0
"BCAP29",0,1.0842439461518,0.536,0.303,0
"NGF",0,3.68248066916076,0.264,0.031,0
"MYH9",0,1.05588449346998,0.836,0.603,0
"MRFAP1",0,0.646745144013662,0.801,0.569,0
"FRMD3",0,3.0464853666924,0.286,0.054,0
"PEBP1",0,0.567709141714285,0.88,0.648,0
"GAMT",0,1.42904955051562,0.418,0.186,0
"NDUFB7",0,0.721653418171845,0.838,0.606,0
"C19orf70",0,0.718717849842799,0.707,0.476,0
"SCPEP1",0,0.922545268458366,0.537,0.307,0
"ABTB1",0,1.32529691653519,0.38,0.15,0
"BMP2",0,4.04393471491637,0.254,0.024,0
"CFL2",0,1.13076308918552,0.506,0.276,0
"TMEM204",0,1.55497116883478,0.329,0.1,0
"SRPX",0,2.20525160047735,0.312,0.083,0
"ALKBH7",0,0.829956513318024,0.667,0.439,0
"CDC42BPA",0,1.45835237696131,0.448,0.22,0
"EGFLAM",0,3.32565180651259,0.283,0.055,0
"YWHAH",0,0.532077540900677,0.659,0.432,0
"UBE2E2",0,1.51552037024197,0.434,0.207,0
"ZBTB20",0,0.552961462322941,0.728,0.501,0
"CCDC107",0,0.728628827323305,0.613,0.386,0
"ATP8B1",0,2.0081118768482,0.328,0.102,0
"MAP2",0,2.79823973404244,0.287,0.061,0
"EID1",0,0.807046603780465,0.895,0.669,0
"MYOCD",0,3.0367432277624,0.272,0.047,0
"ISCU",0,0.703461146295865,0.754,0.529,0
"ITGAV",0,1.18302528224258,0.521,0.297,0
"RHOQ",0,1.08957128581091,0.502,0.278,0
"LAMA5",0,1.12012975105117,0.385,0.162,0
"ATF3",0,0.864801475992562,0.582,0.359,0
"ADAMTS9",0,2.23332340245917,0.307,0.084,0
"GNB4",0,1.21312058710064,0.421,0.198,0
"GPC6",0,1.65858687523218,0.351,0.128,0
"TRIP6",0,1.0908114485205,0.525,0.303,0
"CYGB",0,3.08945147497898,0.293,0.071,0
"PCOLCE",0,1.42831268336074,0.449,0.228,0
"PLA2G5",0,2.97677067001757,0.282,0.061,0
"SELENBP1",0,1.44451906784595,0.415,0.194,0
"FIS1",0,0.597206172943136,0.781,0.56,0
"GABARAPL2",0,0.58545604583059,0.752,0.531,0
"CAMTA1",0,0.613020525494837,0.643,0.423,0
"DPYSL2",0,0.719369632274958,0.558,0.338,0
"CPQ",0,0.983174286622329,0.523,0.303,0
"EMILIN1",0,0.541439662831229,0.447,0.227,0
"NREP",0,1.71354096813921,0.429,0.209,0
"SNTA1",0,2.57260778951961,0.307,0.087,0
"ITGA3",0,1.66617114761884,0.356,0.136,0
"DMPK",0,2.24210700462788,0.298,0.079,0
"MICAL2",0,1.50101208362554,0.34,0.122,0
"ASAP2",0,1.58797958720022,0.353,0.135,0
"HNMT",0,1.0247695568578,0.476,0.258,0
"SYNE1",0,0.306410015006877,0.593,0.375,0
"UBE2E1",0,1.15868003627863,0.507,0.29,0
"EPHX1",0,0.771817495354432,0.566,0.349,0
"ARL2",0,0.72374639377674,0.591,0.374,0
"APOLD1",0,1.63969938967158,0.293,0.076,0
"NDUFB10",0,0.753368062751633,0.779,0.562,0
"NR4A1",0,0.905959331195966,0.697,0.481,0
"CHURC1",0,0.701832937694786,0.754,0.538,0
"RABAC1",0,0.607554726728865,0.845,0.629,0
"ABI2",0,0.820354736389713,0.553,0.338,0
"CAMK1",0,1.19406792752884,0.394,0.179,0
"BCAR1",0,1.74634831857755,0.375,0.16,0
"DYNC1I2",0,0.682265723318096,0.7,0.485,0
"PSMB6",0,0.60867905010096,0.713,0.498,0
"MYO1D",0,2.13967799773778,0.345,0.13,0
"SSBP2",0,1.43756253037022,0.401,0.187,0
"SPTSSA",0,0.884576553885941,0.536,0.322,0
"ZFYVE21",0,1.05025923013368,0.527,0.313,0
"ARHGEF7",0,1.0726276848041,0.419,0.205,0
"ARPC5",0,0.833955117482288,0.836,0.622,0
"VAMP5",0,0.482688607429633,0.592,0.378,0
"VDAC2",0,0.667113935559608,0.764,0.55,0
"LAMB1",0,1.37004354032429,0.464,0.251,0
"MAP7D3",0,1.38544130203532,0.393,0.18,0
"ASPN",0,2.13388068571992,0.272,0.059,0
"PSMB5",0,0.490611974887147,0.652,0.439,0
"AP2M1",0,0.678418783398492,0.775,0.563,0
"PRELP",0,1.18211050670148,0.357,0.145,0
"AAED1",0,1.31270941373238,0.418,0.206,0
"SLC25A3",0,0.70228232574032,0.897,0.685,0
"NDUFS4",0,0.773092816208356,0.638,0.427,0
"PPM1L",0,3.15428853703044,0.25,0.039,0
"ATP2A2",0,0.78470181628297,0.565,0.354,0
"IFI27L2",0,0.678793552688906,0.707,0.496,0
"RAC1",0,0.800565608445055,0.901,0.691,0
"LMO4",0,0.605751623767383,0.636,0.426,0
"CALU",0,0.766143786397939,0.629,0.419,0
"PLAT",0,0.839414337138664,0.4,0.19,0
"DCTN2",0,0.932581317880669,0.603,0.393,0
"LIMA1",0,0.889686695003179,0.55,0.341,0
"ACADVL",0,0.68480877779314,0.636,0.428,0
"RBFOX2",0,1.10435066153308,0.501,0.293,0
"DTX3",0,1.72482490030679,0.355,0.147,0
"ATOX1",0,0.424522290025201,0.676,0.469,0
"SNX3",0,0.480926460305434,0.809,0.602,0
"SEPT7",0,1.58990462585936,0.933,0.726,0
"DCTN6",0,0.992991846064707,0.493,0.286,0
"MOB2",0,1.42865541072916,0.421,0.214,0
"ATP2B4",0,0.622833536125161,0.566,0.359,0
"RRAGA",0,0.681027110890922,0.567,0.36,0
"FKBP10",0,0.92018509996031,0.472,0.265,0
"NME3",0,0.490926650170905,0.679,0.473,0
"CHN1",0,2.26811923698768,0.275,0.069,0
"GOLIM4",0,0.912574956341137,0.501,0.295,0
"C4orf3",0,0.582050821232123,0.809,0.604,0
"RNASEH2C",0,0.713852206154096,0.662,0.457,0
"WASF2",0,0.513652921060535,0.752,0.547,0
"BRK1",0,0.523803990203538,0.817,0.612,0
"PBX1",0,0.547050536718288,0.549,0.345,0
"DYNLRB1",0,0.597758079842702,0.803,0.599,0
"NDUFA11",0,0.546713112624434,0.808,0.604,0
"NCKAP1",0,0.71264703616902,0.515,0.311,0
"GRK5",0,1.31901864562599,0.321,0.117,0
"FKBP4",0,0.655349934365743,0.507,0.303,0
"ITGB5",0,1.22308482294169,0.408,0.204,0
"FADS3",0,1.84747729014392,0.363,0.159,0
"SLC25A5",0,0.497510233010517,0.776,0.573,0
"ADCY5",0,3.13319257968996,0.25,0.047,0
"WDR1",0,0.597734034731704,0.655,0.452,0
"SPRY4",0,2.34230721491828,0.275,0.073,0
"PGM5",0,2.63315039876026,0.251,0.049,0
"CCDC85B",0,0.587472973113205,0.761,0.559,0
"LDHB",0,0.438688090823751,0.824,0.622,0
"RAB34",0,0.825663612683238,0.553,0.352,0
"LIX1L",0,0.977911702918742,0.417,0.216,0
"POMP",0,0.53480614733072,0.829,0.628,0
"TMEM230",0,0.568259845830765,0.691,0.49,0
"FJX1",0,2.95707306667024,0.308,0.108,0
"DUT",0,0.437998091900636,0.649,0.449,0
"RWDD1",0,0.644378930075824,0.715,0.515,0
"ATP6AP2",0,0.509138456934745,0.72,0.52,0
"ADH5",0,0.628354555476879,0.672,0.473,0
"PHPT1",0,0.614415529253479,0.767,0.568,0
"KLF2",0,1.33723056234133,0.687,0.488,0
"MEF2D",0,0.960871297953919,0.435,0.236,0
"ARHGEF12",0,0.700654739417385,0.516,0.317,0
"ID1",0,1.07842794770856,0.379,0.18,0
"RAB2A",0,0.505185655697686,0.75,0.551,0
"LIMS1",0,0.692081871217713,0.68,0.482,0
"PARD6G",0,2.29875348045162,0.259,0.061,0
"ZNF580",0,1.04279834557311,0.459,0.261,0
"MRPL32",0,0.836367854689809,0.58,0.382,0
"DIXDC1",0,1.87433870838519,0.32,0.123,0
"ITPRIPL2",0,1.0627491862464,0.479,0.282,0
"CSNK1E",0,1.06679453621019,0.5,0.303,0
"PFN2",0,1.36773771678706,0.428,0.231,0
"COL12A1",0,0.67277363282553,0.411,0.214,0
"MPDZ",0,1.43985497287929,0.355,0.158,0
"MARCKS",0,0.262305822414772,0.702,0.505,0
"NDUFAB1",0,0.536571157019502,0.697,0.5,0
"DYNC1LI2",0,0.69336498942129,0.595,0.398,0
"ERH",0,0.405406167916971,0.8,0.604,0
"SLC40A1",0,0.256905777441988,0.515,0.319,0
"HDDC2",0,0.715559559951882,0.526,0.33,0
"COL5A1",0,0.43691382077916,0.421,0.225,0
"PNMA1",0,1.13032868104398,0.415,0.219,0
"COX6A1",0,0.709481638913249,0.88,0.684,0
"TSPAN3",0,0.603047678674647,0.596,0.4,0
"TAGLN2",0,0.46017224855567,0.794,0.599,0
"COL6A3",0,0.30199190219324,0.487,0.292,0
"DCTN3",0,0.641442473297263,0.654,0.459,0
"ST5",0,1.03942065476018,0.447,0.252,0
"TMEM242",0,1.01860060243672,0.415,0.22,0
"TNS3",0,1.07503310767737,0.425,0.23,0
"LSM3",0,0.460020194572674,0.696,0.501,0
"ARMCX3",0,0.651133354563811,0.576,0.381,0
"CYTH3",0,1.73225128329941,0.3,0.106,0
"CHMP5",0,0.543100698099479,0.649,0.455,0
"TMTC1",0,2.18764650791061,0.293,0.099,0
"MINOS1",0,0.500714901204508,0.791,0.598,0
"CDKN1A",0,1.43415218196218,0.481,0.288,0
"SMARCA1",0,0.907575644056167,0.453,0.26,0
"AK1",0,0.887971223291416,0.45,0.257,0
"CTTN",0,0.50821718018375,0.535,0.342,0
"C1orf198",0,1.81721903189877,0.346,0.153,0
"PLXND1",0,0.581585094728773,0.363,0.17,0
"ZBTB38",0,0.514093620462839,0.579,0.386,0
"PSMB1",0,0.587822097582917,0.83,0.637,0
"MAP4",0,0.457714370204303,0.664,0.472,0
"SMOC2",0,0.562946878804978,0.394,0.202,0
"METRN",0,0.717866870467355,0.425,0.233,0
"DYNLT1",0,0.54565425260845,0.726,0.534,0
"ITM2C",0,0.26341103128314,0.531,0.34,0
"PCNP",0,0.532787603505153,0.644,0.453,0
"MICAL1",0,0.996918201572146,0.296,0.105,0
"FABP5",0,1.54378642628273,0.519,0.328,0
"OLFML1",0,1.59781439339527,0.296,0.105,0
"VKORC1",0,0.366131998394787,0.653,0.462,0
"TCEAL8",0,0.714264159291784,0.574,0.383,0
"MAP9",0,1.25157261622903,0.364,0.174,0
"TMEM173",0,0.415564414111003,0.498,0.308,0
"VDAC3",0,0.539540491805245,0.609,0.419,0
"UGCG",0,0.837586558311054,0.482,0.292,0
"YAP1",0,0.907683431271395,0.462,0.272,0
"CDC42EP1",0,1.24344381814139,0.37,0.18,0
"INPP5A",0,2.17933988852526,0.291,0.101,0
"COX7A2",0,0.571342332472576,0.865,0.675,0
"EIF3L",0,0.389667868787763,0.718,0.528,0
"PCYOX1",0,1.04913368756781,0.491,0.302,0
"YPEL2",0,0.701307089938983,0.373,0.184,0
"ANKRD29",0,2.39576271940079,0.269,0.08,0
"SETBP1",0,1.46046127211813,0.306,0.117,0
"RNH1",0,0.561109418234897,0.717,0.528,0
"PSMC3",0,0.605094859460633,0.593,0.404,0
"DBI",0,0.384582770490555,0.797,0.609,0
"NDUFB8",0,0.493189695142463,0.788,0.6,0
"CD81",0,0.793918842318599,0.943,0.755,0
"PHLDB1",0,1.26922551644268,0.402,0.215,0
"RAPH1",0,1.79285980117176,0.306,0.119,0
"TSPAN12",0,1.45706750116873,0.297,0.11,0
"ANO6",0,0.949893309567453,0.448,0.261,0
"BCL7C",0,0.537441145583625,0.619,0.432,0
"RSL24D1",0,0.623981687890287,0.726,0.539,0
"ATP5O",0,0.481811063604707,0.791,0.605,0
"NNMT",0,0.688963165142493,0.399,0.213,0
"RND3",0,0.322077049392468,0.425,0.239,0
"RTL8A",0,0.930759829777116,0.46,0.274,0
"OSTC",0,0.345844375816496,0.716,0.53,0
"VPS28",0,0.435594122914796,0.814,0.628,0
"SLIRP",0,0.410585445568016,0.662,0.477,0
"NDUFA5",0,0.537494159751067,0.656,0.472,0
"VASP",0,0.499831928479075,0.55,0.366,0
"FOXP1",0,0.390859070162778,0.637,0.453,0
"JAM3",0,1.36826794982,0.323,0.139,0
"CCDC92",0,1.48778253703916,0.366,0.182,0
"STARD13",0,1.88916336311284,0.286,0.102,0
"PSMC5",0,0.557917880345221,0.649,0.465,0
"PARK7",0,0.507305572353096,0.875,0.692,0
"NUDC",0,0.402128831886904,0.679,0.496,0
"BAG1",0,0.658951135992852,0.541,0.358,0
"EMC2",0,0.754065689976725,0.464,0.281,0
"SDHD",0,0.670097869520974,0.621,0.438,0
"SPECC1",0,0.993492917342526,0.455,0.272,0
"HSPB6",0,1.09521644634581,0.346,0.163,0
"PLEKHG2",0,0.566275144572796,0.353,0.17,0
"DEGS1",0,0.479989070711904,0.586,0.403,0
"ATP5G3",0,0.357579800632676,0.832,0.649,0
"TUBA1B",0,0.453605479043365,0.868,0.685,0
"MPG",0,0.626409575631043,0.581,0.398,0
"REEP3",0,1.01746632528028,0.465,0.283,0
"CCL2",0,1.77625004991051,0.33,0.148,0
"C1orf123",0,0.951607561420011,0.504,0.322,0
"DNAJB4",0,1.08051135449635,0.422,0.24,0
"SMARCD3",0,1.19373002023327,0.362,0.18,0
"TWSG1",0,1.07349857110373,0.425,0.243,0
"SUMO1",0,0.311287821438435,0.718,0.536,0
"EPHB6",0,2.40165905339971,0.268,0.087,0
"SNRK",0,0.529566984820982,0.378,0.197,0
"SLC25A4",0,1.28655169661704,0.418,0.237,0
"PCDH1",0,2.16746500633247,0.261,0.08,0
"GLRX5",0,0.406809070558991,0.617,0.436,0
"CBR1",0,0.798341220325405,0.472,0.291,0
"C1orf122",0,0.624652593484498,0.566,0.385,0
"TMEM59",0,0.480167060966223,0.847,0.666,0
"EIF3K",0,0.514913770457488,0.854,0.673,0
"UBE2E3",0,0.689830297154874,0.516,0.336,0
"CTNNA1",0,0.513722923962552,0.604,0.424,0
"VPS29",0,0.475698488985108,0.641,0.461,0
"A4GALT",0,2.39025427489378,0.254,0.074,0
"PTPRK",0,1.63714210533351,0.345,0.165,0
"GRHPR",0,0.487395146581775,0.564,0.384,0
"NDUFS6",0,0.40478641163682,0.752,0.573,0
"MRPS36",0,0.64654266838673,0.55,0.371,0
"SUMO2",0,0.74665696622458,0.936,0.757,0
"MPC1",0,0.795993753739656,0.505,0.326,0
"HACD1",0,2.65232865721311,0.251,0.072,0
"SVIL",0,0.733237304096586,0.476,0.297,0
"SKA2",0,0.774250144391688,0.48,0.301,0
"COX7A2L",0,0.309947102659367,0.737,0.558,0
"STRAP",0,0.508719122734518,0.576,0.397,0
"ANAPC11",0,0.489192994929407,0.696,0.517,0
"TOMM20",0,0.421245742440839,0.793,0.615,0
"RTN4",0,0.300327975944226,0.759,0.581,0
"MRPL18",0,0.569473782773803,0.595,0.417,0
"C1QBP",0,0.437119767849386,0.64,0.462,0
"NDUFA13",0,0.495768559399227,0.822,0.644,0
"NUCKS1",0,0.380822499409545,0.882,0.705,0
"ITGB1BP1",0,0.67008657783627,0.521,0.344,0
"SF3B6",0,0.261174815596827,0.766,0.589,0
"NDUFB11",0,0.383111769674982,0.78,0.603,0
"FUNDC2",0,0.688587184055395,0.536,0.359,0
"STUB1",0,0.431172471120768,0.661,0.484,0
"ANGPTL4",0,1.52678411555265,0.326,0.149,0
"PHC2",0,0.833721204030345,0.446,0.269,0
"NOL3",0,1.96612255793687,0.293,0.116,0
"KTN1",0,0.319937447490057,0.79,0.614,0
"ARHGAP6",0,1.76067754085828,0.271,0.095,0
"CAMLG",0,0.566460282409911,0.626,0.45,0
"EEA1",0,0.730526820947177,0.505,0.329,0
"MFAP4",0,2.22316915099612,0.315,0.139,0
"EIF1B",0,0.459553510097012,0.702,0.526,0
"CD63",0,0.719628012518238,0.964,0.788,0
"DAD1",0,0.258249669396747,0.815,0.639,0
"SLC25A6",0,0.541883626413999,0.899,0.724,0
"ATP5B",0,0.452930821705898,0.779,0.604,0
"ECH1",0,0.378625433477821,0.661,0.486,0
"MAT2A",0,0.498806112954034,0.602,0.427,0
"F10",0,1.92611353940898,0.256,0.081,0
"IAH1",0,0.579983202123166,0.563,0.388,0
"ATP5A1",0,0.299834708850957,0.73,0.555,0
"TMEM50A",0,0.437400010102539,0.755,0.581,0
"TBCA",0,0.377822549151028,0.802,0.628,0
"PSMB7",0,0.450005982942234,0.644,0.47,0
"SIVA1",0,0.427034470062903,0.671,0.497,0
"SORBS2",0,1.70748548294861,0.349,0.175,0
"SNAI2",0,1.45211414392276,0.286,0.112,0
"KHDRBS3",0,1.85714951271962,0.301,0.127,0
"PRDX3",0,0.366503280901962,0.587,0.413,0
"CDK2AP1",0,0.519121405434976,0.513,0.339,0
"SRP9",0,0.372882317886598,0.732,0.558,0
"RHOA",0,0.616859661745065,0.879,0.706,0
"PHACTR2",0,0.497294233516142,0.535,0.362,0
"IFITM2",0,0.669695977618807,0.871,0.698,0
"ZBTB16",0,1.36579461639672,0.278,0.105,0
"SPATS2L",0,0.536833117234394,0.609,0.436,0
"MRPL43",0,0.663822620794343,0.581,0.408,0
"TCEA2",0,0.859005293685936,0.442,0.269,0
"MORF4L1",0,0.582782625703168,0.839,0.666,0
"EIF3F",0,0.315214691254094,0.786,0.614,0
"ATP5G1",0,0.507057449952472,0.674,0.502,0
"PRKRA",0,0.865484154363156,0.443,0.271,0
"PYURF",0,0.396930229972291,0.634,0.462,0
"SNHG18",0,1.16990699872764,0.344,0.172,0
"PICALM",0,0.737944451131622,0.512,0.34,0
"RPS27L",0,0.443565761018674,0.831,0.659,0
"SKP1",0,0.673535278040866,0.914,0.743,0
"ATP5C1",0,0.326450691801298,0.754,0.583,0
"ACTR10",0,0.698988530274482,0.516,0.345,0
"CFAP36",0,0.802116027262916,0.476,0.305,0
"BMPR2",0,0.590193096423991,0.451,0.28,0
"C1D",0,0.503366428892714,0.52,0.35,0
"PPP2CB",0,0.529261881113893,0.55,0.38,0
"TBX3",0,1.4820626672863,0.28,0.11,0
"CDS2",0,0.921062326388374,0.386,0.216,0
"VAMP3",0,0.81098317266774,0.438,0.268,0
"ZNF428",0,0.559512242345303,0.597,0.427,0
"HSBP1",0,0.273616978157937,0.722,0.552,0
"LIMS2",0,1.49974748457519,0.279,0.11,0
"LAPTM4B",0,0.262992102705342,0.519,0.35,0
"NDUFB6",0,0.526754490401275,0.558,0.389,0
"HOPX",0,0.731016470316061,0.336,0.167,0
"MLF2",0,0.274308467138698,0.613,0.444,0
"RCN2",0,0.403083716614927,0.597,0.428,0
"POLR2F",0,0.528791799234109,0.6,0.431,0
"NDUFA12",0,0.433405069879061,0.697,0.528,0
"CCT7",0,0.480844317184725,0.659,0.491,0
"ATP5H",0,0.366926128949057,0.758,0.59,0
"COMT",0,0.546682859588834,0.644,0.476,0
"F2R",0,1.05982980646371,0.32,0.152,0
"NT5DC1",0,1.05038565316718,0.355,0.187,0
"CTBP2",0,0.563729862699446,0.489,0.321,0
"NUTF2",0,0.673932523512113,0.51,0.342,0
"AKAP1",0,1.75565551869868,0.293,0.125,0
"UBE2M",0,0.358252009802859,0.607,0.439,0
"CNBP",0,0.487746870039605,0.813,0.645,0
"TMEM165",0,0.583613491629662,0.638,0.471,0
"COX14",0,0.430396360868451,0.637,0.47,0
"SNX7",0,1.74390439506441,0.313,0.146,0
"SMIM3",0,1.96441139542091,0.261,0.094,0
"CHSY1",0,0.827690822789127,0.431,0.264,0
"NTAN1",0,0.757798338909226,0.433,0.266,0
"TBCB",0,0.475466668638647,0.634,0.467,0
"GADD45GIP1",0,0.484475512192479,0.725,0.558,0
"PSMD8",0,0.435309307706439,0.727,0.56,0
"NDUFB4",0,0.38413090756118,0.786,0.62,0
"HYI",0,1.06587949225896,0.401,0.236,0
"BBX",0,0.434542332502786,0.637,0.472,0
"ISCA1",0,0.774880662397334,0.454,0.289,0
"DAPK3",0,1.27455805508365,0.342,0.177,0
"CYBRD1",0,0.710476410916896,0.408,0.243,0
"ATP5J",0,0.285153272551811,0.835,0.67,0
"CHMP3",0,0.602644366213508,0.557,0.393,0
"EIF3E",0,0.297436584574695,0.863,0.699,0
"NCS1",0,1.79955488104343,0.28,0.116,0
"NEDD8",0,0.260734092549368,0.813,0.649,0
"ARMCX1",0,1.23482257972879,0.34,0.177,0
"SUCLA2",0,0.881799973673593,0.385,0.222,0
"PKD2",0,1.19989515872777,0.35,0.187,0
"ZFYVE16",0,0.443543565638303,0.472,0.309,0
"CLTA",0,0.274739826486314,0.779,0.617,0
"DYNLL1",0,0.568576967918919,0.917,0.755,0
"PRMT1",0,0.458958715116481,0.643,0.481,0
"SMC6",0,0.821861858202313,0.374,0.212,0
"CAMK2G",0,1.00946498260747,0.322,0.16,0
"MAGEH1",0,0.81621328573321,0.362,0.2,0
"RPS19BP1",0,0.390108202430242,0.626,0.464,0
"CALM2",0,1.07280370403899,0.936,0.775,0
"ARF4",0,0.250814400778482,0.661,0.5,0
"PLEKHA4",0,1.19320691098039,0.337,0.176,0
"ENDOD1",0,0.971709233544996,0.386,0.225,0
"NFU1",0,0.970469016707347,0.407,0.246,0
"MOB4",0,0.532074655804043,0.483,0.322,0
"RBBP7",0,0.310577218926835,0.584,0.423,0
"MSRB2",0,0.773511558404662,0.501,0.34,0
"CCNI",0,0.529083359003196,0.894,0.734,0
"NDFIP1",0,0.378303974169389,0.65,0.49,0
"ARL6IP4",0,0.402276647608704,0.807,0.647,0
"COA3",0,0.682837163596499,0.506,0.346,0
"NMD3",0,1.00269324350197,0.381,0.221,0
"ZEB1",0,0.405232595198218,0.35,0.19,0
"RAB5C",0,0.392740944483526,0.577,0.417,0
"RAB31",0,0.823995383430641,0.424,0.264,0
"PPP1CB",0,0.370848984725078,0.712,0.552,0
"CIRBP",0,0.47895263318032,0.888,0.729,0
"TEAD2",0,1.38785122368231,0.306,0.147,0
"OAT",0,0.776096016641869,0.472,0.313,0
"HMGN3",0,0.281665450231419,0.702,0.543,0
"CEBPD",0,0.715159649792235,0.693,0.534,0
"CD46",0,0.311949939573934,0.644,0.486,0
"DEK",0,0.255236203972645,0.782,0.624,0
"MOB3B",0,1.34288411840801,0.279,0.121,0
"NAP1L1",0,0.297390892091766,0.857,0.699,0
"PRKAR1A",0,0.376853749279363,0.674,0.516,0
"RAD23A",0,0.432477884799565,0.628,0.47,0
"AP2S1",0,0.457100960093071,0.681,0.523,0
"CNRIP1",0,1.27492377333853,0.283,0.125,0
"BNIP3L",0,0.275574638738633,0.615,0.457,0
"VAMP2",0,0.344061635981499,0.719,0.561,0
"SSB",0,0.26149545556081,0.727,0.57,0
"CHCHD2",0,0.311303929236916,0.929,0.772,0
"ARL1",0,0.453285299519776,0.542,0.385,0
"PIN1",0,0.482545918440232,0.541,0.384,0
"SEM1",0,0.292972925018629,0.833,0.676,0
"PDK4",0,1.36812297417175,0.33,0.174,0
"ADCY6",0,2.09622071385463,0.275,0.119,0
"SOD1",0,0.261998662785128,0.862,0.706,0
"PLSCR4",0,0.840445795908024,0.319,0.163,0
"PDHB",0,0.54375175044512,0.489,0.333,0
"CARHSP1",0,0.367075729757641,0.582,0.426,0
"FKBP8",0,0.423087690723881,0.702,0.546,0
"CHMP2A",0,0.321846043082587,0.7,0.544,0
"TAX1BP3",0,0.751801694176328,0.456,0.301,0
"TLE1",0,1.0433962969393,0.372,0.217,0
"MKL2",0,1.10093280817838,0.31,0.155,0
"MDH1",0,0.3425848279976,0.62,0.465,0
"BAD",0,0.651540788711825,0.481,0.326,0
"C20orf27",0,1.20278380512332,0.436,0.281,0
"USMG5",0,0.253289961739019,0.823,0.668,0
"CAT",0,0.773658606694083,0.441,0.287,0
"UBXN1",0,0.352856662271391,0.745,0.591,0
"RANBP1",0,0.263676109992532,0.651,0.497,0
"PCMT1",0,0.41009311294332,0.531,0.378,0
"MED21",0,0.89880317319667,0.398,0.245,0
"TMEM219",0,0.275307771517124,0.631,0.478,0
"LINC02381",0,1.72070162757752,0.254,0.101,0
"LYSMD2",0,0.564709306075065,0.367,0.214,0
"SEPT2",0,0.341582373950181,0.719,0.567,0
"COPS6",0,0.273894311512269,0.642,0.49,0
"AAMDC",0,0.523466468465111,0.45,0.298,0
"STK38L",0,1.03484625779881,0.333,0.181,0
"ARFGAP3",0,0.658105138061563,0.459,0.307,0
"COLEC11",0,0.807602430871315,0.313,0.161,0
"HRAS",0,0.790159682605382,0.384,0.232,0
"AEBP2",0,0.832095493764341,0.375,0.223,0
"IFT43",0,0.98232068961031,0.376,0.224,0
"MYO1E",0,1.10022834915358,0.296,0.144,0
"HIC1",0,1.09457118901765,0.308,0.156,0
"RNF5",0,0.744219840192845,0.428,0.276,0
"PTPN12",0,0.446748515608663,0.488,0.336,0
"ATP5D",0,0.431751374100283,0.826,0.674,0
"AHCYL1",0,0.262442504091911,0.558,0.407,0
"SARS",0,0.541367768786694,0.537,0.386,0
"GTF2A2",0,0.281105904791765,0.627,0.476,0
"SNF8",0,0.459212543095075,0.549,0.398,0
"PRKACA",0,0.688009577148543,0.455,0.304,0
"HPF1",0,0.674403548443032,0.431,0.28,0
"PIP4P2",0,1.29927013207042,0.286,0.135,0
"C10orf10",0,1.59248768390689,0.289,0.138,0
"TSPAN4",0,0.741475046565326,0.452,0.302,0
"CORO1C",0,0.609498591705539,0.392,0.242,0
"RCN3",0,0.756984621552264,0.354,0.204,0
"NDUFS7",0,0.448532401489542,0.593,0.443,0
"ZFAND1",0,0.892154523594335,0.398,0.249,0
"INF2",0,0.817253134080703,0.334,0.185,0
"UBE2N",0,0.322896067317998,0.576,0.427,0
"MBNL2",0,0.519576027033388,0.484,0.335,0
"EIF6",0,0.44477703981468,0.582,0.433,0
"RTRAF",0,0.292310998749375,0.729,0.581,0
"TCF7L1",0,1.12983201528025,0.294,0.146,0
"GADD45A",0,0.323521333231173,0.484,0.336,0
"NBDY",0,0.410028965487676,0.559,0.412,0
"ECE1",0,0.343566961494097,0.431,0.284,0
"UBE2A",0,0.44894105842837,0.493,0.346,0
"AK3",0,0.621905067928145,0.464,0.317,0
"C12orf75",0,1.37951838972939,0.395,0.248,0
"COMMD6",0,0.334503597486863,0.859,0.712,0
"THRA",0,1.02407919214702,0.336,0.189,0
"SMARCB1",0,0.854510859105895,0.444,0.297,0
"BAG3",0,0.985048468481098,0.367,0.22,0
"NDUFAF3",0,0.32411009390224,0.606,0.459,0
"CAPZA2",0,0.331677071027287,0.606,0.459,0
"EPB41L4A-AS1",0,0.303628712288926,0.506,0.36,0
"SRI",0,0.296007675096331,0.663,0.517,0
"SH3PXD2A",0,0.795496042339236,0.39,0.244,0
"EVI5",0,1.11855781045389,0.35,0.204,0
"AMOTL2",0,1.47115168058914,0.3,0.154,0
"YBX1",0,0.442340813719547,0.923,0.778,0
"HIPK2",0,0.737738908020804,0.382,0.237,0
"HSD17B10",0,0.448981899782135,0.526,0.381,0
"PTGR1",0,0.884257840718431,0.386,0.241,0
"FBXL3",0,0.848926111358998,0.381,0.236,0
"RHBDF1",0,1.80327634297705,0.25,0.105,0
"RBX1",0,0.343865013227156,0.749,0.604,0
"AP3S1",0,0.426379308124524,0.539,0.395,0
"NDUFB2",0,0.337209815871397,0.793,0.649,0
"WDR13",0,0.675904403594257,0.453,0.309,0
"STOML2",0,0.433275962727811,0.538,0.394,0
"EDF1",0,0.29362939873862,0.903,0.759,0
"EIF3D",0,0.305475280715767,0.678,0.534,0
"LMCD1",0,1.51189556158812,0.33,0.187,0
"CDC42EP5",0,0.968947064081253,0.331,0.188,0
"PPP1R12C",0,0.703099365210632,0.343,0.2,0
"SMDT1",0,0.387357740867404,0.685,0.542,0
"ASAP1",0,0.604151502591989,0.486,0.343,0
"AGRN",0,1.05627184193086,0.328,0.186,0
"FHL3",0,1.00028144736498,0.32,0.178,0
"SASH1",0,1.09267522734618,0.278,0.136,0
"BLOC1S1",0,0.291952117272419,0.742,0.6,0
"PLEKHG3",0,1.50834272100294,0.256,0.114,0
"TMEM98",0,0.362271841470399,0.424,0.282,0
"SMIM12",0,0.662185305960197,0.372,0.23,0
"DAG1",0,0.704021591311139,0.36,0.218,0
"EGFR",0,1.19685297006141,0.311,0.169,0
"PSMC6",0,0.269053491791892,0.579,0.437,0
"TSEN34",0,0.560600751993038,0.478,0.336,0
"MAF1",0,0.361692322093348,0.561,0.42,0
"SLC39A1",0,0.606951311630729,0.455,0.314,0
"RNF7",0,0.296544048229988,0.679,0.538,0
"AR",0,0.753373326658362,0.329,0.188,0
"CRTC3",0,0.51861405833486,0.399,0.258,0
"CMPK1",0,0.325851145303154,0.551,0.411,0
"TNFRSF1A",0,0.372521839056624,0.555,0.415,0
"CNIH4",0,0.443729321936821,0.522,0.382,0
"TFG",0,0.284934608117023,0.533,0.393,0
"WASL",0,0.705975078244846,0.439,0.299,0
"NIPSNAP3A",0,1.05572948138165,0.306,0.166,0
"PSMG2",0,0.334878329716952,0.585,0.445,0
"FAAP20",0,0.314477049335379,0.555,0.416,0
"LINC01116",0,0.938286321695166,0.316,0.177,0
"ANKRD50",0,1.29426012723393,0.272,0.133,0
"EIF2S3",0,0.291162384618741,0.649,0.51,0
"HIKESHI",0,0.511051487846052,0.487,0.348,0
"GHITM",0,0.254030337594809,0.616,0.477,0
"C16orf45",0,1.13846932632155,0.273,0.134,0
"CCT8",0,0.345744331083796,0.662,0.523,0
"PURA",0,0.280218540169912,0.565,0.426,0
"NDUFS5",0,0.329298110171845,0.858,0.72,0
"PNKD",0,0.433674936388936,0.54,0.402,0
"IDH3G",0,0.37781564263473,0.514,0.376,0
"FDFT1",0,0.779163836933115,0.428,0.29,0
"HSD17B12",0,0.333265669558615,0.482,0.344,0
"TRAPPC2L",0,0.448977201489569,0.532,0.394,0
"ZFP36",0,1.73678359402811,0.833,0.695,0
"ANXA4",0,0.262168109452651,0.472,0.334,0
"MRPS22",0,0.691902467927015,0.4,0.263,0
"SPON2",0,1.17979699631079,0.326,0.189,0
"MYLIP",0,0.660988124893261,0.327,0.19,0
"RBM3",0,0.327772716660369,0.721,0.584,0
"FAM89B",0,0.378069790980071,0.529,0.392,0
"CUEDC2",0,0.598221438973269,0.482,0.345,0
"TSR3",0,0.712607371511622,0.431,0.294,0
"ARHGAP17",0,0.943614430213422,0.313,0.176,0
"DUSP14",0,1.46810533881275,0.274,0.137,0
"CAMK2D",0,0.702982637255716,0.365,0.228,0
"PSMD4",0,0.30660614047589,0.6,0.463,0
"PLEKHH2",0,1.16860606530994,0.279,0.143,0
"DNAJC8",0,0.268994410053112,0.668,0.532,0
"BTF3",0,0.479363092295384,0.936,0.8,0
"NAA20",0,0.46373345380564,0.508,0.372,0
"DLGAP4",0,0.651869251501991,0.421,0.285,0
"ATF4",0,0.305119931219432,0.712,0.576,0
"NDUFA6",0,0.412779278105299,0.586,0.45,0
"COMMD1",0,0.422891865658954,0.49,0.355,0
"MAP4K4",0,0.357070254319911,0.492,0.357,0
"MRPL36",0,0.573900511855459,0.48,0.345,0
"VEGFB",0,0.309054387395335,0.511,0.376,0
"VIM",0,0.889690345417301,0.997,0.862,0
"CRK",0,0.534637990929324,0.444,0.309,0
"ADD1",0,0.309267547210837,0.591,0.456,0
"TRPV2",0,0.390482815077967,0.275,0.141,0
"PMM1",0,0.782088025792395,0.34,0.206,0
"SUN1",0,0.675111488698649,0.43,0.296,0
"TMEM141",0,0.551751297764581,0.479,0.345,0
"DENND5A",0,1.02700173892338,0.307,0.173,0
"PDS5B",0,0.332300954161051,0.438,0.304,0
"TMEM159",0,1.0698008343573,0.322,0.188,0
"FAM96B",0,0.298553299829946,0.668,0.534,0
"HDAC5",0,0.892491985466393,0.318,0.184,0
"MRPL27",0,0.473861209114333,0.51,0.376,0
"PACSIN2",0,0.983189280614479,0.309,0.175,0
"ZNF22",0,0.391703550359731,0.475,0.341,0
"STX12",0,0.568946752185855,0.416,0.283,0
"BDH2",0,0.725526811473131,0.391,0.258,0
"CALHM2",0,0.863545469450303,0.296,0.163,0
"KIF13A",0,1.53828407417093,0.275,0.143,0
"SCOC",0,0.469486580734606,0.45,0.318,0
"HSPA1A",0,1.36390987992458,0.86,0.728,0
"TEAD3",0,1.39635779277188,0.262,0.13,0
"GDF11",0,1.05847162824134,0.256,0.124,0
"COPZ2",0,0.809284639831833,0.288,0.156,0
"UQCRC2",0,0.335751721409798,0.586,0.454,0
"SAP18",0,0.271233534776868,0.816,0.684,0
"C1orf43",0,0.378606198386234,0.548,0.417,0
"MFSD10",0,0.416273631837507,0.51,0.379,0
"ATXN3",0,0.488312770349961,0.438,0.307,0
"DTWD1",0,0.950507896745798,0.397,0.266,0
"DMWD",0,0.784035745835962,0.325,0.194,0
"ZNF532",0,1.213820432878,0.286,0.155,0
"CCPG1",0,0.419183207093774,0.469,0.338,0
"MRPS18C",0,0.264102683403638,0.521,0.391,0
"UBE2B",0,0.271831889472672,0.694,0.564,0
"FKBP5",0,0.43715687878371,0.406,0.276,0
"POLR2L",0,0.271178203889632,0.758,0.628,0
"ELOB",0,0.354037642795988,0.871,0.741,0
"COX11",0,0.631769672428209,0.388,0.258,0
"RAB11B",0,0.336634991506876,0.483,0.353,0
"TANC1",0,1.28800747928971,0.279,0.15,0
"AKR7A2",0,0.408417225834642,0.496,0.367,0
"PQLC3",0,0.573610569604654,0.382,0.253,0
"HSDL2",0,0.854738762000974,0.411,0.283,0
"YIF1A",0,0.436400749378506,0.499,0.371,0
"HNRNPH3",0,0.326106103541211,0.667,0.539,0
"AP3M2",0,0.611903155091095,0.294,0.166,0
"ZNF641",0,0.72214935762497,0.276,0.149,0
"TXNDC15",0,0.514933669047617,0.44,0.313,0
"TCEAL3",0,0.439015718738356,0.428,0.301,0
"UQCRB",0,0.337042332257759,0.933,0.806,0
"FAM122A",0,0.915242057133537,0.254,0.127,0
"GPN3",0,0.974733645970108,0.322,0.195,0
"SPRY2",0,0.813617961105316,0.252,0.125,0
"ANKRD10",0,0.369022112479414,0.464,0.337,0
"PDZD11",0,0.672222352619713,0.407,0.28,0
"CYFIP1",0,0.496256125835785,0.408,0.281,0
"DCBLD2",0,0.962260134969289,0.338,0.212,0
"PDCL3",0,0.555095932567959,0.382,0.256,0
"FKBP7",0,0.761619778067119,0.318,0.192,0
"NR1D2",0,0.880916274413845,0.299,0.173,0
"TMEM109",0,0.377308903113548,0.428,0.302,0
"MYL12A",0,0.392725904413546,0.918,0.792,0
"POLR2E",0,0.272795322924863,0.51,0.384,0
"ZNF358",0,0.796882486184931,0.362,0.236,0
"ARHGEF2",0,0.408051659171261,0.359,0.233,0
"ARMCX2",0,1.2202835458432,0.293,0.167,0
"MYOF",0,0.701162924475211,0.348,0.222,0
"PLAGL1",0,0.616454012266739,0.336,0.211,0
"LRRFIP2",0,0.683664825999414,0.408,0.283,0
"CLIC1",0,0.276245068930959,0.876,0.751,0
"TRIB2",0,0.497014974840871,0.344,0.219,0
"TMEM18",0,0.545938137280938,0.424,0.3,0
"ZC2HC1A",0,1.01711468857765,0.309,0.185,0
"LTBR",0,0.369385821410607,0.433,0.309,0
"KLHL42",0,0.784099683421072,0.325,0.201,0
"C12orf10",0,0.590312838487574,0.433,0.309,0
"ATP5G2",0,0.385638927207945,0.885,0.761,0
"PSMD9",0,0.61995897898756,0.378,0.254,0
"SNX21",0,1.36589987725706,0.263,0.139,0
"NECTIN2",0,0.458975250914633,0.449,0.325,0
"CBY1",0,0.849618946141962,0.325,0.201,0
"FAIM",0,0.998794677806328,0.29,0.166,0
"KLF10",0,0.571145133175365,0.467,0.344,0
"SH3GLB1",0,0.309655375255803,0.595,0.472,0
"FAM204A",0,0.360694721278946,0.515,0.392,0
"CTDSP2",0,0.495920484587698,0.466,0.343,0
"SAV1",0,0.681380987220363,0.364,0.241,0
"NID2",0,0.529231721338681,0.295,0.172,0
"CYTH2",0,0.510321830901062,0.396,0.273,0
"COPS8",0,0.370120482580511,0.419,0.297,0
"TRAK1",0,0.987704225484198,0.258,0.136,0
"PON2",0,0.377545285915107,0.396,0.274,0
"EMC7",0,0.356071821363108,0.532,0.411,0
"TMTC3",0,1.00448411169833,0.274,0.153,0
"EIF2A",0,0.427516519834982,0.491,0.37,0
"ERGIC2",0,0.336863363688518,0.516,0.395,0
"IKBIP",0,0.587001516837125,0.379,0.258,0
"TMX3",0,0.477451497232403,0.358,0.237,0
"PSMF1",0,0.49738388104088,0.475,0.354,0
"TBL1X",0,0.967531562276259,0.292,0.171,0
"CABIN1",0,0.332238936679079,0.352,0.231,0
"NFIL3",0,0.91228017603568,0.332,0.212,0
"SMAD5",0,0.340064272756916,0.457,0.337,0
"HOOK3",0,0.319709984303772,0.482,0.362,0
"FAS",0,0.502478425179666,0.303,0.183,0
"MXI1",0,0.569970997205771,0.384,0.264,0
"DHPS",0,0.433934061403751,0.415,0.295,0
"RPS5",0,0.284159159924639,0.967,0.847,0
"MMADHC",0,0.323135527132838,0.466,0.347,0
"SRSF3",0,0.379491350972922,0.848,0.729,0
"SEC23A",0,0.554316106313776,0.419,0.3,0
"LENG1",0,0.534332459696095,0.319,0.2,0
"RPL39L",0,0.720993281917487,0.279,0.161,0
"CPNE2",0,0.650484450190232,0.267,0.149,0
"NOTCH2",0,0.571878963626526,0.386,0.268,0
"TMEM30A",0,0.356696286835947,0.458,0.34,0
"ADAM9",0,0.805365842802394,0.357,0.239,0
"FADS1",0,1.24768131301699,0.299,0.181,0
"DHRS4L2",0,0.648853977593889,0.392,0.274,0
"ITFG1",0,0.509461720462884,0.412,0.294,0
"BBIP1",0,0.393638432672192,0.349,0.231,0
"HAT1",0,0.379282896905635,0.399,0.282,0
"CCDC28B",0,1.10603735853152,0.267,0.15,0
"FAM126A",0,0.566012351095279,0.273,0.156,0
"MEIS2",0,0.626416424459153,0.321,0.204,0
"SVBP",0,0.571863584350062,0.381,0.264,0
"CETN2",0,0.502605630873095,0.421,0.304,0
"MED4",0,0.3575463927438,0.488,0.371,0
"ITM2B",0,0.438377574424535,0.945,0.828,0
"COPRS",0,0.617443033319992,0.435,0.318,0
"LASP1",0,0.416479567752893,0.487,0.37,0
"MVB12A",0,0.522040022115505,0.424,0.307,0
"H1F0",0,0.340414079653318,0.355,0.238,0
"TPGS1",0,0.402008097944632,0.402,0.286,0
"NSMCE1",0,0.529416936333843,0.412,0.296,0
"UBB",0,0.330566482012727,0.918,0.802,0
"SPOP",0,0.329866931722654,0.435,0.319,0
"IMMP2L",0,1.24320504235211,0.263,0.148,0
"OSBPL9",0,0.567208611259005,0.407,0.292,0
"TSSC4",0,0.483169659796373,0.393,0.278,0
"PPP2R5E",0,0.321714353947783,0.448,0.333,0
"CPED1",0,0.862594140893319,0.276,0.162,0
"PHLDA3",0,0.665295092280176,0.317,0.203,0
"CSRNP1",0,0.591575729233266,0.36,0.246,0
"COPS4",0,0.479051368324392,0.356,0.242,0
"TMED7",0,0.509320693808516,0.427,0.313,0
"BOD1",0,0.488736909071745,0.411,0.297,0
"DAB2IP",0,1.09588999810198,0.252,0.138,0
"SPRED1",0,0.576522527466727,0.311,0.197,0
"IDH3B",0,0.532597109659852,0.403,0.29,0
"KCTD10",0,1.12325593292371,0.259,0.146,0
"HNRNPH2",0,0.3358030356722,0.437,0.324,0
"TERF1",0,0.370148028145119,0.471,0.358,0
"UNC45A",0,0.509642039750739,0.36,0.247,0
"SMIM30",0,0.464754201409229,0.4,0.288,0
"MRPL2",0,0.521625636877452,0.371,0.259,0
"SERTAD3",0,0.795080376950809,0.325,0.214,0
"PIGK",0,0.850857139543743,0.291,0.18,0
"SRP14",0,0.365475400846873,0.941,0.83,0
"NDUFAF2",0,0.602490385128399,0.403,0.293,0
"SNX18",0,0.447226258387384,0.327,0.217,0
"MLH3",0,0.549694760866208,0.319,0.209,0
"TWISTNB",0,0.528873134517991,0.364,0.254,0
"TUSC3",0,0.846859691982244,0.351,0.241,0
"BCL9L",0,0.323406633798689,0.365,0.255,0
"EIF2B2",0,0.719051066704926,0.296,0.186,0
"SERTAD1",0,0.921770505136485,0.455,0.346,0
"SYT11",0,0.595484014459144,0.257,0.148,0
"ATAD1",0,0.412507909681578,0.359,0.25,0
"SLC25A11",0,0.431016555337594,0.439,0.33,0
"DESI2",0,0.57155194924725,0.391,0.283,0
"RAMP1",0,1.27377149679122,0.279,0.171,0
"CTSO",0,0.892264956914805,0.277,0.169,0
"DIMT1",0,0.732296172178273,0.274,0.167,0
"NQO2",0,0.507978521277488,0.326,0.219,0
"IQSEC1",0,0.518966648352005,0.309,0.202,0
"NTMT1",0,0.421407616012824,0.371,0.264,0
"TULP3",0,1.01041210520705,0.294,0.187,0
"TNFRSF12A",0,0.679179045825315,0.345,0.238,0
"VPS25",0,0.520736773612786,0.372,0.265,0
"NIT2",0,0.529807675305733,0.386,0.28,0
"RPL7",0,0.320247850172657,0.966,0.86,0
"ETFRF1",0,0.528095734608479,0.34,0.235,0
"SCCPDH",0,0.67280495273588,0.35,0.245,0
"ACAT1",0,0.514220498994559,0.374,0.269,0
"COPS7A",0,0.6010899910971,0.342,0.238,0
"RNF146",0,0.511563266693141,0.309,0.205,0
"STX2",0,0.383108112228699,0.275,0.172,0
"SETD7",0,0.984622610054561,0.263,0.16,0
"TUBB2A",0,0.515838427333922,0.267,0.164,0
"USP12",0,0.523605783553934,0.291,0.188,0
"R3HCC1",0,0.718531633449107,0.313,0.211,0
"STK3",0,0.551931400991067,0.328,0.226,0
"G0S2",0,0.251186602925876,0.292,0.19,0
"PNRC1",0,0.29141576058092,0.824,0.722,0
"NDUFA4",0,0.903549642759685,0.837,0.735,0
"KDELC2",0,0.710684019282754,0.287,0.185,0
"CDKN2C",0,0.603712732417137,0.271,0.17,0
"OSTM1",0,0.486316550831386,0.272,0.171,0
"PPIA",0,0.414447096830456,0.926,0.826,0
"STRN3",0,0.548688892201713,0.329,0.229,0
"NDUFAF4",0,0.764933604599226,0.293,0.193,0
"ZNF618",0,0.846125121452721,0.297,0.197,0
"FBXO3",0,0.308036603125727,0.297,0.197,0
"PFDN5",0,0.39568510829293,0.939,0.839,0
"LINC00667",0,0.60383276433345,0.295,0.195,0
"FOS",0,1.4321086293023,0.913,0.814,0
"TMEM5",0,0.940107908224463,0.278,0.179,0
"ELP5",0,0.590907707688352,0.342,0.243,0
"LATS2",0,0.717644967413936,0.26,0.161,0
"MTURN",0,0.878322436064104,0.27,0.172,0
"C16orf52",0,0.575368350873809,0.302,0.204,0
"AC006453.2",0,0.845457979467086,0.288,0.19,0
"NTHL1",0,0.648673465116694,0.297,0.199,0
"RBFA",0,0.637520808236139,0.285,0.188,0
"GNAS",0,0.294568828617865,0.963,0.866,0
"ACAT2",0,0.922452343820888,0.27,0.174,0
"RPL10A",0,0.293063690934309,0.975,0.88,0
"CALM1",0,0.299674758425584,0.935,0.841,0
"ACYP2",0,0.534367965476204,0.279,0.185,0
"RUSC1",0,0.72651579891463,0.25,0.156,0
"POLR2M",0,0.645147396693188,0.265,0.171,0
"RPL5",0,0.291237228582233,0.977,0.884,0
"RNF24",0,0.839442165824838,0.265,0.175,0
"MYL6",0,1.27953292713753,0.978,0.889,0
"JUNB",0,1.30827588456142,0.893,0.809,0
"RPL21",0,0.272602124426073,0.976,0.903,0
"RPS3A",0,0.262740016403467,0.979,0.909,0
"ACTB",0,0.375085320158588,0.99,0.949,0
"JUND",0,0.663189640651729,0.963,0.93,0
"PTMA",0,0.550583886132443,0.989,0.957,0
"PAIP2",2.22044604925031e-16,0.274794863491685,0.651,0.522,4.95625762653162e-12
"NDUFV1",2.22044604925031e-16,0.313574755725835,0.512,0.387,4.95625762653162e-12
"AC020916.1",2.22044604925031e-16,0.337000575590695,0.429,0.306,4.95625762653162e-12
"TOMM22",2.22044604925031e-16,0.366151604532396,0.493,0.375,4.95625762653162e-12
"MRPL28",2.22044604925031e-16,0.330397954109413,0.424,0.31,4.95625762653162e-12
"NR2F6",2.22044604925031e-16,0.30585910437155,0.35,0.237,4.95625762653162e-12
"POLD2",2.22044604925031e-16,0.472070176011212,0.39,0.282,4.95625762653162e-12
"TCEAL1",2.22044604925031e-16,0.482511732099525,0.362,0.256,4.95625762653162e-12
"GSTA4",2.22044604925031e-16,0.253440569527279,0.276,0.175,4.95625762653162e-12
"NDUFS2",4.44089209850063e-16,0.360225990175918,0.568,0.441,9.91251525306325e-12
"ATP1B3",4.44089209850063e-16,0.284910936987769,0.55,0.429,9.91251525306325e-12
"UBE2V2",4.44089209850063e-16,0.291455606191332,0.485,0.365,9.91251525306325e-12
"SNX17",4.44089209850063e-16,0.317286139386164,0.496,0.378,9.91251525306325e-12
"PMVK",4.44089209850063e-16,0.373432482782608,0.436,0.321,9.91251525306325e-12
"COPS2",4.44089209850063e-16,0.369165050932848,0.448,0.337,9.91251525306325e-12
"TEAD1",4.44089209850063e-16,0.495057917017931,0.35,0.246,9.91251525306325e-12
"ZNF32",4.44089209850063e-16,0.433878881048991,0.358,0.257,9.91251525306325e-12
"ZBTB10",4.44089209850063e-16,0.444319672387646,0.301,0.205,9.91251525306325e-12
"CAMSAP2",4.44089209850063e-16,0.672291546907325,0.321,0.226,9.91251525306325e-12
"FBXO17",4.44089209850063e-16,0.908515972357329,0.261,0.172,9.91251525306325e-12
"SNAPC2",4.44089209850063e-16,0.723875555193277,0.254,0.167,9.91251525306325e-12
"TMEM184B",4.44089209850063e-16,0.762606736014746,0.25,0.167,9.91251525306325e-12
"ATP6V1E1",6.66133814775094e-16,0.250837125512197,0.497,0.379,1.48687728795949e-11
"GYG1",6.66133814775094e-16,0.401050242110687,0.347,0.248,1.48687728795949e-11
"OSMR",6.66133814775094e-16,0.662937257009729,0.274,0.181,1.48687728795949e-11
"OAF",6.66133814775094e-16,0.682954987762155,0.335,0.243,1.48687728795949e-11
"TRIQK",6.66133814775094e-16,0.822065615525856,0.25,0.166,1.48687728795949e-11
"NSRP1",8.88178419700125e-16,0.327991572477948,0.462,0.36,1.98250305061265e-11
"PINK1",8.88178419700125e-16,0.596273263970524,0.334,0.238,1.98250305061265e-11
"NFIC",1.11022302462516e-15,0.303328613894189,0.567,0.443,2.47812881326581e-11
"FAM114A1",1.11022302462516e-15,0.457606362600034,0.428,0.31,2.47812881326581e-11
"MRPL42",1.11022302462516e-15,0.419529545512455,0.466,0.353,2.47812881326581e-11
"YIPF6",1.11022302462516e-15,0.444989611281578,0.381,0.279,2.47812881326581e-11
"HDGFL3",1.11022302462516e-15,0.581923699914596,0.329,0.231,2.47812881326581e-11
"TNKS1BP1",1.11022302462516e-15,0.726251231083517,0.283,0.192,2.47812881326581e-11
"TSPAN31",1.33226762955019e-15,0.596076046627579,0.353,0.257,2.97375457591897e-11
"TRIAP1",1.33226762955019e-15,0.487374951769756,0.315,0.22,2.97375457591897e-11
"SERINC3",1.55431223447522e-15,0.278299701778278,0.53,0.413,3.46938033857214e-11
"PLEKHA5",1.55431223447522e-15,0.508288455767731,0.34,0.242,3.46938033857214e-11
"GADD45B",1.55431223447522e-15,1.1931113459691,0.604,0.538,3.46938033857214e-11
"SUCLG2",1.77635683940025e-15,0.406540135073013,0.404,0.301,3.9650061012253e-11
"CRIPT",1.99840144432528e-15,0.303778320093209,0.397,0.291,4.46063186387846e-11
"PAIP1",1.99840144432528e-15,0.446224255474284,0.41,0.304,4.46063186387846e-11
"NAXE",2.22044604925031e-15,0.40305342326175,0.422,0.308,4.95625762653162e-11
"CCDC82",2.44249065417534e-15,0.254653537455435,0.351,0.248,5.45188338918479e-11
"CDC37L1",2.66453525910038e-15,0.537798353562662,0.273,0.184,5.94750915183795e-11
"ZHX1",2.88657986402541e-15,0.41633003276423,0.361,0.26,6.44313491449111e-11
"A1BG",2.88657986402541e-15,0.384898017920878,0.264,0.171,6.44313491449111e-11
"TSPAN9",2.88657986402541e-15,0.655352636833847,0.257,0.17,6.44313491449111e-11
"EI24",3.10862446895044e-15,0.296162595686488,0.475,0.351,6.93876067714427e-11
"IFT57",3.10862446895044e-15,0.376118613538187,0.433,0.319,6.93876067714427e-11
"MRPL40",3.10862446895044e-15,0.370660103568842,0.482,0.372,6.93876067714427e-11
"GLTP",4.44089209850063e-15,0.472523597073179,0.352,0.253,9.91251525306325e-11
"SUCLG1",4.88498130835069e-15,0.322520427750352,0.493,0.376,1.09037667783696e-10
"LZTS2",4.88498130835069e-15,0.789466193204199,0.273,0.186,1.09037667783696e-10
"HSPA1B",4.88498130835069e-15,0.937459216174926,0.689,0.621,1.09037667783696e-10
"AP2A1",5.10702591327572e-15,0.308825733312365,0.397,0.294,1.13993925410227e-10
"ANKRD40",5.10702591327572e-15,0.619742289704713,0.251,0.168,1.13993925410227e-10
"HADHB",5.32907051820075e-15,0.274728689656975,0.579,0.444,1.18950183036759e-10
"PQBP1",5.32907051820075e-15,0.370511888902261,0.436,0.33,1.18950183036759e-10
"MIR22HG",6.21724893790088e-15,0.759189242295618,0.255,0.17,1.38775213542885e-10
"ANXA7",6.88338275267597e-15,0.327769539701434,0.538,0.42,1.5364398642248e-10
"CHM",7.32747196252603e-15,0.47888564513492,0.302,0.213,1.63556501675544e-10
"RBM42",7.54951656745106e-15,0.281526917696668,0.436,0.331,1.68512759302075e-10
"JOSD2",8.65973959207622e-15,0.265800483437746,0.414,0.305,1.93294047434733e-10
"TSPYL1",8.88178419700125e-15,0.327487733031845,0.472,0.367,1.98250305061265e-10
"HIGD1A",9.32587340685131e-15,0.443291748495925,0.389,0.287,2.08162820314328e-10
"FOSB",1.22124532708767e-14,0.533978591834334,0.8,0.744,2.72594169459239e-10
"OXR1",1.26565424807268e-14,0.292140373793201,0.376,0.276,2.82506684712303e-10
"RAB1A",1.28785870856518e-14,0.282541830230174,0.542,0.418,2.87462942338834e-10
"QDPR",1.31006316905768e-14,0.609641724972652,0.312,0.225,2.92419199965366e-10
"DCTN1",1.35447209004269e-14,0.353914821696736,0.375,0.276,3.02331715218429e-10
"SLAIN2",1.35447209004269e-14,0.455080994361144,0.37,0.271,3.02331715218429e-10
"LSM2",1.37667655053519e-14,0.302690557660935,0.524,0.403,3.07287972844961e-10
"THOC2",1.37667655053519e-14,0.309892326714638,0.557,0.45,3.07287972844961e-10
"UBLCP1",1.46549439250521e-14,0.317215618165381,0.304,0.213,3.27113003351087e-10
"DGCR6L",1.50990331349021e-14,0.342447064914538,0.437,0.33,3.3702551860415e-10
"SCAMP1",1.50990331349021e-14,0.471956968089591,0.303,0.212,3.3702551860415e-10
"RAB32",1.57651669496772e-14,0.407547721625869,0.332,0.233,3.51894291483745e-10
"PHB2",1.77635683940025e-14,0.270222722454297,0.663,0.509,3.9650061012253e-10
"SLMAP",1.77635683940025e-14,0.862622287962154,0.336,0.252,3.9650061012253e-10
"LSM1",1.93178806284777e-14,0.344203901931981,0.447,0.34,4.31194413508251e-10
"NDUFS3",1.99840144432528e-14,0.3741422719095,0.491,0.38,4.46063186387846e-10
"KDELR2",2.42028619368284e-14,0.274033424496222,0.652,0.507,5.40232081291947e-10
"DNAJC3",2.57571741713036e-14,0.382007826053334,0.451,0.348,5.74925884677668e-10
"STX8",2.59792187762287e-14,0.363112737393142,0.367,0.27,5.798821423042e-10
"PGM2",3.06421554796543e-14,0.527237598030661,0.253,0.172,6.83963552461364e-10
"P2RX4",3.39728245535298e-14,0.361957239708241,0.276,0.189,7.58307416859338e-10
"ING1",3.99680288865056e-14,0.374417715868917,0.298,0.208,8.92126372775692e-10
"THAP11",4.01900734914307e-14,0.377929708463531,0.286,0.199,8.97082630402224e-10
"TMEM11",4.32986979603811e-14,0.521798211605199,0.297,0.212,9.66470237173667e-10
"CREB3",4.35207425653061e-14,0.458113889587692,0.332,0.243,9.71426494800198e-10
"CD302",5.19584375524573e-14,0.502052523116325,0.283,0.191,1.1597642846084e-09
"DIAPH2",5.48450174164827e-14,0.342229782139243,0.298,0.209,1.22419563375331e-09
"BCL7B",6.28386231937839e-14,0.372700355709692,0.334,0.241,1.40262090830845e-09
"HEBP1",7.01660951563099e-14,0.279559906137787,0.457,0.339,1.56617740998399e-09
"PPA2",7.0832228971085e-14,0.474845930529887,0.321,0.23,1.58104618286359e-09
"ZSCAN18",7.23865412055602e-14,0.34776456232661,0.349,0.252,1.61573998624931e-09
"WRB",7.48290318597356e-14,0.85027396408014,0.271,0.192,1.67025882014116e-09
"MAP2K1",7.57172102794357e-14,0.376285376202091,0.282,0.196,1.69008385064728e-09
"KDELR1",8.90398865749376e-14,0.254521344129841,0.653,0.507,1.98745930823918e-09
"MOCS2",8.92619311798626e-14,0.484919595694113,0.329,0.238,1.99241556586571e-09
"MAPRE1",9.59232693276135e-14,0.312668518725653,0.468,0.364,2.14110329466166e-09
"CTSF",1.00364161426114e-13,0.41722835808295,0.408,0.301,2.24022844719229e-09
"PRPF31",1.09690034832965e-13,0.28966265142807,0.415,0.315,2.44839126750662e-09
"PARD3",1.11244347067441e-13,0.635453205603868,0.27,0.187,2.48308507089234e-09
"CDC42BPB",1.13908882326541e-13,0.49627362659555,0.34,0.247,2.54256016241072e-09
"UBE2Q2",1.22568621918617e-13,0.401649763101915,0.338,0.248,2.73585420984546e-09
"NDUFS1",1.25233157177718e-13,0.266530904339472,0.406,0.306,2.79532930136384e-09
"C7orf50",1.28341781646668e-13,0.350369490363715,0.441,0.344,2.86471690813528e-09
"BORCS7",1.50102152929321e-13,0.318883888669642,0.439,0.334,3.35043015553538e-09
"ATL3",1.50546242139171e-13,0.299581308390922,0.439,0.334,3.36034267078844e-09
"CCT2",1.52544643583497e-13,0.259747024430025,0.583,0.454,3.40494898942723e-09
"VGLL4",1.88293824976427e-13,0.304719534130006,0.506,0.391,4.20290646729882e-09
"FIBP",1.96953564568503e-13,0.286300875480443,0.486,0.378,4.39620051473355e-09
"PPP3CB",2.11608508493555e-13,0.335029203284129,0.343,0.254,4.72331351808464e-09
"NKIRAS2",2.37143638059933e-13,0.576638164580713,0.252,0.174,5.29328314513577e-09
"TMEM256",2.69784194983913e-13,0.314134356287758,0.53,0.414,6.02185301623592e-09
"TMEM263",2.76223488526739e-13,0.415630796283955,0.379,0.284,6.16558448740534e-09
"PHGDH",3.23518989375771e-13,0.479134323645431,0.317,0.226,7.22126736185658e-09
"MRPS14",3.34621219622022e-13,0.407225554192402,0.359,0.267,7.46908024318316e-09
"EXT2",3.48387985127374e-13,0.582053830071288,0.282,0.202,7.77636821602812e-09
"CALCOCO2",3.97459842815806e-13,0.303408514432152,0.477,0.374,8.87170115149161e-09
"ZDHHC4",4.03233002543857e-13,0.571274341793033,0.289,0.208,9.00056384978143e-09
"TXNL1",4.15889545024584e-13,0.310932128615146,0.595,0.469,9.28307053449373e-09
"SLC12A2",4.34097202628436e-13,0.756169176743435,0.261,0.184,9.68948365986932e-09
"TIMM10",4.76729766774042e-13,0.427910723242176,0.406,0.309,1.06410851241634e-08
"UNC50",5.48672218769752e-13,0.287327699895569,0.38,0.287,1.22469125951596e-08
"PTS",5.63105118089879e-13,0.341977052956811,0.369,0.269,1.25690693408842e-08
"IFT52",5.6932236702778e-13,0.702500254873255,0.275,0.195,1.27078445544271e-08
"ECI1",6.23945339839338e-13,0.261986215738062,0.427,0.323,1.39270839305539e-08
"MDH2",6.3904437297424e-13,0.26636888157675,0.612,0.482,1.4264109449158e-08
"RNF11",6.70130617663744e-13,0.363056905390202,0.367,0.278,1.49579855168724e-08
"ATP5F1",7.23421322845752e-13,0.250500923804478,0.614,0.488,1.614748734724e-08
"KNOP1",7.73381358953884e-13,0.304735020049784,0.375,0.284,1.72626453132096e-08
"ZNF667-AS1",7.92921284187287e-13,0.665604038417001,0.25,0.173,1.76987959843444e-08
"CEP63",8.41549052665869e-13,0.416653831150815,0.278,0.195,1.87842164045549e-08
"NEK7",9.04387675859653e-13,0.492111047990285,0.347,0.26,2.01868373128633e-08
"FMC1",9.28590537796481e-13,0.376450865787473,0.394,0.298,2.07270693941553e-08
"CRELD1",9.56568158017035e-13,0.636915469711595,0.282,0.203,2.13515578550982e-08
"SURF1",1.03095310066692e-12,0.375158097650918,0.383,0.294,2.30119041599863e-08
"FH",1.21014309684142e-12,0.531062978815595,0.319,0.235,2.70116040645973e-08
"TMEM14A",1.30229160788531e-12,0.393453697760565,0.331,0.243,2.9068450979608e-08
"PLEKHA3",1.34203759216689e-12,0.287120078433918,0.389,0.294,2.99556210947571e-08
"CDC42EP4",1.35358391162299e-12,0.765543141331944,0.268,0.191,3.02133464913368e-08
"FKBP9",1.4406253967536e-12,0.266417650206966,0.358,0.261,3.21561994809372e-08
"MRPL19",1.50501833218186e-12,0.376585547650182,0.38,0.287,3.35935141926313e-08
"ATF7",1.54853907474717e-12,0.424487672352167,0.307,0.225,3.45649406874315e-08
"MANBAL",1.59516844178142e-12,0.718581285725658,0.3,0.221,3.56057547890032e-08
"MRPS26",1.61337609938528e-12,0.251239602022189,0.503,0.386,3.60121679143788e-08
"WDFY3",1.6224799281872e-12,0.748035863741525,0.256,0.181,3.62153744770666e-08
"FAM229B",1.67355018731996e-12,0.744572556491087,0.25,0.172,3.73553137311688e-08
"HMG20B",1.67688085639384e-12,0.324259296667121,0.367,0.281,3.74296575955668e-08
"UFD1",1.69508851399769e-12,0.289188458886915,0.452,0.353,3.78360707209424e-08
"SLC25A24",1.8052226380405e-12,0.428822061142546,0.336,0.247,4.02943745037021e-08
"ZNF37A",2.72049049954148e-12,0.374381694566732,0.352,0.265,6.07240684402655e-08
"CHCHD3",2.83995049699115e-12,0.390572918873011,0.358,0.268,6.33905350433395e-08
"RUFY3",3.09574588186479e-12,0.360396569840141,0.382,0.291,6.91001438291039e-08
"SDHB",3.63464813801784e-12,0.276826483970297,0.434,0.336,8.11289810886962e-08
"HK1",3.8906655674964e-12,0.289337029846881,0.345,0.255,8.68435461320871e-08
"MMP24OS",4.26747526205418e-12,0.293090352250299,0.436,0.342,9.52543153243113e-08
"SELENOS",4.55724347148134e-12,0.263935864975653,0.61,0.488,1.01722231526935e-07
"TIMM17B",4.93494134445882e-12,0.464246705426888,0.341,0.257,1.10152825749665e-07
"CD40",5.25202104029177e-12,0.315462591306926,0.264,0.182,1.17230361640352e-07
"MEA1",5.59796653476496e-12,0.447608668079453,0.379,0.287,1.24952211022489e-07
"SHC1",6.84119427774021e-12,0.343558412555394,0.362,0.272,1.52702297473439e-07
"SNAPIN",7.58837437331294e-12,0.523298624211232,0.313,0.233,1.69380104386718e-07
"HSD17B4",7.59281526541145e-12,0.431415759525767,0.338,0.254,1.69479229539249e-07
"MSMO1",7.66875452029581e-12,0.641349491644236,0.311,0.234,1.71174269647523e-07
"TCF7L2",9.70090674456969e-12,0.433644312455834,0.336,0.251,2.1653393944554e-07
"ABRAXAS1",1.00548458448202e-11,0.573655790301648,0.265,0.188,2.24434214102232e-07
"SYNJ2BP",1.05608854994443e-11,0.274472147776455,0.318,0.234,2.35729525233097e-07
"SUPT4H1",1.12623244064025e-11,0.278940282943881,0.472,0.369,2.5138634307531e-07
"ABHD2",1.14324105737751e-11,0.332271738016081,0.325,0.241,2.55182836417234e-07
"ALCAM",1.14421805363918e-11,0.251950559054663,0.25,0.171,2.55400911752801e-07
"PHAX",1.37274636102802e-11,0.290301378599713,0.407,0.317,3.06410715245065e-07
"WWC3",1.59514623732093e-11,0.413338578176239,0.274,0.196,3.56052591632405e-07
"FAM210B",1.62716506935112e-11,0.27398077337413,0.438,0.335,3.63199515129864e-07
"NAPG",2.07465156165654e-11,0.320636153859376,0.309,0.231,4.63082975077356e-07
"NIPSNAP2",2.13953299521563e-11,0.433464495100055,0.4,0.31,4.77565159862081e-07
"PLIN3",2.14921413999036e-11,0.25538416625183,0.432,0.332,4.79726088187249e-07
"PIH1D1",2.58009169584739e-11,0.404637368388577,0.373,0.288,5.75902267430095e-07
"TRIM13",2.668620879831e-11,0.263593024924549,0.312,0.23,5.95662866587077e-07
"RFXANK",2.87581070068654e-11,0.301541761076199,0.396,0.304,6.41909706500243e-07
"TOB2",2.91835444699018e-11,0.426383489160869,0.352,0.273,6.51405896112678e-07
"ACTR6",3.02962099851811e-11,0.362118676237393,0.291,0.212,6.76241703079228e-07
"NSL1",3.15629744562784e-11,0.295218697091798,0.335,0.252,7.04517152838591e-07
"CISD3",3.48210349443434e-11,0.296442725211041,0.356,0.268,7.77240320992689e-07
"ZYG11B",3.91959797951813e-11,0.342401688707922,0.314,0.234,8.74893465008242e-07
"CDK4",4.25568469353266e-11,0.308924612066871,0.436,0.34,9.49911380443424e-07
"MTRF1L",4.40860681294453e-11,0.52475972779524,0.263,0.19,9.84045126717348e-07
"MAGEF1",4.79278838838582e-11,0.30693952478848,0.323,0.239,1.0697982961716e-06
"PMPCB",5.19129184084477e-11,0.382848661986688,0.398,0.315,1.15874825179496e-06
"EBNA1BP2",5.36330979628019e-11,0.33503092527676,0.385,0.293,1.1971443796277e-06
"CASC3",5.50719470027161e-11,0.296610799076788,0.321,0.24,1.22926092904763e-06
"ZNF280D",5.67528246619986e-11,0.310745897132662,0.389,0.306,1.26677979928047e-06
"AHDC1",5.81461545579032e-11,0.440974477551567,0.251,0.178,1.29788031588696e-06
"NELFE",5.97688565306953e-11,0.291804145476561,0.426,0.333,1.33410064662165e-06
"GNA11",6.24258422732282e-11,0.713550163977681,0.273,0.199,1.39340722538073e-06
"SLC39A13",6.64948096584794e-11,0.499731914386088,0.268,0.194,1.48423064638692e-06
"JUN",7.84330378422737e-11,0.524075643014897,0.865,0.864,1.75070383767739e-06
"C1GALT1C1",8.01361199620487e-11,0.498159277603853,0.287,0.214,1.78871833367289e-06
"PPM1A",8.11395395317049e-11,0.261081126306069,0.302,0.224,1.81111566188719e-06
"ANAPC13",1.51654688806957e-10,0.303475954482564,0.343,0.263,3.38508430886009e-06
"PIGP",1.59936064392241e-10,0.328191705572134,0.364,0.283,3.56993289329921e-06
"WASHC3",1.94911198292402e-10,0.305731758874265,0.408,0.321,4.35061285708471e-06
"PDCL",2.07481809511023e-10,0.336870255217067,0.259,0.186,4.63120147009555e-06
"VEZF1",2.32341257344615e-10,0.416074995444188,0.339,0.262,5.18608920518915e-06
"CD276",2.32968089264318e-10,0.775703877304691,0.256,0.189,5.20008072046885e-06
"CRYZL1",2.33416619366267e-10,0.364398106176023,0.286,0.214,5.21009236087444e-06
"CHP1",2.62208921242291e-10,0.330738722671191,0.328,0.251,5.85276533104917e-06
"UFSP2",2.68280286874756e-10,0.379605392533376,0.342,0.265,5.98828428333142e-06
"DOCK1",3.27999183369343e-10,0.476942315330523,0.288,0.216,7.3212697719871e-06
"KLHDC3",3.46560558028841e-10,0.501262121153943,0.349,0.27,7.73557821576176e-06
"EMD",3.63912455725313e-10,0.284750719861361,0.444,0.357,8.1228899242447e-06
"ZNF322",3.67143870860787e-10,0.42037620043543,0.293,0.22,8.19501834148362e-06
"RUFY2",3.70794284165754e-10,0.283765983820627,0.282,0.21,8.2764992168638e-06
"SLC25A1",3.7205061254042e-10,0.308323389634144,0.35,0.27,8.30454172251471e-06
"CCDC115",3.75682152053969e-10,0.273461574730431,0.334,0.256,8.38560131599664e-06
"DEF8",4.35084190897328e-10,0.334889830999177,0.268,0.199,9.71151422501926e-06
"HDAC2",4.38663549928719e-10,0.331853464506053,0.434,0.344,9.79140909795895e-06
"APIP",5.26372279097131e-10,0.58659690592746,0.277,0.21,1.17491556417271e-05
"CERS6",5.57802914968875e-10,0.482081124692463,0.259,0.191,1.24507188650202e-05
"EXTL2",5.61016122446745e-10,0.419730558735222,0.263,0.191,1.25224408691338e-05
"IER2",5.61421131806128e-10,0.556808754985624,0.78,0.743,1.25314810830446e-05
"WDR45",5.64954305559695e-10,0.309465041957824,0.346,0.27,1.2610345054398e-05
"ANTXR2",5.79998271632576e-10,0.280692544305312,0.257,0.18,1.29461414211107e-05
"CHCHD5",6.68595179220688e-10,0.368388690482654,0.384,0.305,1.4923712995385e-05
"KIF1C",6.92409907188107e-10,0.475980727657297,0.255,0.187,1.54552815383457e-05
"ACTR1A",7.40265182486155e-10,0.350215472699677,0.313,0.239,1.65234591382735e-05
"C21orf2",7.69468488925895e-10,0.407477689410638,0.258,0.191,1.71753061413149e-05
"RRP15",7.98180410654936e-10,0.294684271275343,0.305,0.231,1.78161849462288e-05
"JMJD8",8.25589818731487e-10,0.603233446150264,0.278,0.209,1.84279903439055e-05
"CPNE3",8.8958529431693e-10,0.261805660298524,0.448,0.361,1.98564333544482e-05
"FLYWCH2",8.94906593273959e-10,0.429875218653091,0.371,0.289,1.9975210068468e-05
"DBN1",9.02295793636654e-10,0.332968079316516,0.284,0.211,2.01401444097637e-05
"MRPS18B",9.0375817940469e-10,0.369353558820429,0.404,0.323,2.01727863224921e-05
"NDUFA8",9.62227186818154e-10,0.323866567525447,0.433,0.35,2.1477873036968e-05
"PSMD12",1.12423470532974e-09,0.294066808290903,0.424,0.334,2.50940428576651e-05
"EBPL",1.23484578118394e-09,0.32891386830794,0.463,0.371,2.75629926818066e-05
"ZSWIM7",1.24476051688305e-09,0.386206651018715,0.369,0.292,2.77842994973465e-05
"NFYB",1.27173094277566e-09,0.415501707107484,0.311,0.241,2.83863063736955e-05
"MCFD2",1.27587518328198e-09,0.359426879365648,0.445,0.355,2.84788099660371e-05
"NXT1",1.44802703161417e-09,0.492005720947804,0.344,0.269,3.232141137266e-05
"WDR60",1.53003676395258e-09,0.328430562639697,0.332,0.256,3.41519506081855e-05
"MMAB",1.67577396403829e-09,0.617931626652887,0.268,0.203,3.74049506512986e-05
"MIDN",1.67739266920819e-09,0.295430195407652,0.57,0.463,3.7441081769396e-05
"CENPB",1.70257985487865e-09,0.286477130599144,0.309,0.237,3.80032849407463e-05
"KIF1BP",1.8820200953229e-09,0.477589558035631,0.251,0.186,4.20085705477025e-05
"DALRD3",1.89149429452584e-09,0.348660106983192,0.264,0.197,4.22200441481113e-05
"PTRHD1",1.93128601999604e-09,0.34998808394844,0.395,0.315,4.31082352523315e-05
"TMEM203",2.13348272382063e-09,0.334844871500915,0.302,0.231,4.76214678784004e-05
"TOPORS",2.46526199454422e-09,0.27655576575467,0.351,0.277,5.50271129802216e-05
"USE1",2.6034598921143e-09,0.476594903652697,0.383,0.308,5.81118282518833e-05
"CALCOCO1",3.02241209837462e-09,0.27939642171884,0.323,0.249,6.74632604478198e-05
"GPX8",3.0311533283367e-09,0.38589435407525,0.299,0.225,6.76583734418035e-05
"ARMC1",3.07111336361743e-09,0.441080492415678,0.305,0.237,6.85503213893046e-05
"PLPBP",3.36709793380408e-09,0.38401158087999,0.283,0.216,7.51569929804408e-05
"SZRD1",3.38310379710549e-09,0.271770085618717,0.437,0.357,7.55142598551917e-05
"HIBADH",4.13326639581157e-09,0.577341794567319,0.255,0.193,9.22586392209102e-05
"ADGRL2",4.16007672754404e-09,0.637672933524159,0.255,0.188,9.28570726355105e-05
"LNPK",4.5259618275395e-09,0.332740209900389,0.259,0.192,0.000101023993952509
"VPS37A",4.73712691295702e-09,0.288427300423066,0.258,0.192,0.000105737409824114
"CCNB1IP1",4.7936576930141e-09,0.37308239225583,0.35,0.275,0.000106999233365768
"RAI14",5.82308357088834e-09,0.497848590545324,0.258,0.193,0.000129977048385799
"IGF1R",9.75574776518329e-09,0.627689759143437,0.285,0.22,0.000217758045866656
"MRPL24",1.061158316773e-08,0.396419204905674,0.333,0.265,0.000236861147886902
"PRAF2",1.13940787915823e-08,0.401775854962948,0.266,0.202,0.000254327232706908
"POLR2I",1.21216205961616e-08,0.252564439605809,0.571,0.462,0.000270566693326924
"MRPL16",1.6254472878785e-08,0.282775928923184,0.371,0.298,0.00036281608912736
"SBF2",2.28465624196872e-08,0.399437499323255,0.301,0.235,0.000509958119769838
"VPS51",3.04488299018857e-08,0.259277002111005,0.436,0.36,0.00067964833223999
"WSB2",3.435389306361e-08,0.475547526964058,0.269,0.207,0.000766813247072839
"ACTL6A",3.89025240910001e-08,0.260999463649674,0.308,0.241,0.000868343240235214
"SLC39A6",3.9091010428649e-08,0.360090801595407,0.307,0.24,0.000872550443777875
"SSRP1",4.17783629913515e-08,0.330211501409835,0.395,0.326,0.000932534840329957
"GNA12",4.66067802129544e-08,0.503229760554421,0.25,0.186,0.00104030994113335
"UBQLN2",6.22641336267549e-08,0.373272056628168,0.252,0.192,0.0013897977266828
"GFPT1",6.32474514983272e-08,0.280714018310018,0.338,0.269,0.00141174636489416
"MTFR1L",6.73182467547662e-08,0.418990266566608,0.264,0.204,0.00150261058581314
"MBIP",7.56815698998992e-08,0.333655792434422,0.263,0.202,0.00168928832173565
"SURF2",7.84481111182345e-08,0.329124592109145,0.258,0.197,0.00175104028827011
"SHMT2",7.97457568868509e-08,0.277884858600779,0.308,0.242,0.0017800050394714
"NSMCE4A",8.25003616533593e-08,0.300439263370935,0.298,0.233,0.00184149057246463
"TMEM115",9.56728423151532e-08,0.679575936782451,0.264,0.207,0.00213551351331653
"GMPR2",1.02415644631648e-07,0.300706206280021,0.308,0.246,0.00228601960382302
"SLC41A3",1.43386327255968e-07,0.415255009555107,0.259,0.201,0.00320052621068045
"ARMCX6",1.44099568055722e-07,0.255707251847658,0.32,0.257,0.00321644645857178
"PRPSAP1",1.80038588482034e-07,0.336801892889416,0.282,0.222,0.00401864133350749
"TIMM10B",1.85518489015379e-07,0.286100193368654,0.293,0.232,0.00414095819331228
"PNPLA8",1.92895407646887e-07,0.308589863804198,0.366,0.299,0.00430561839408616
"LYRM4",2.46829527261738e-07,0.377054658150648,0.299,0.239,0.00550948187800926
"HARS",3.21767038791165e-07,0.262123037001273,0.303,0.245,0.0071821620728576
"PPP2R5A",3.32682436265941e-07,0.261553180582121,0.287,0.225,0.00742580465989207
"PSMD3",3.35726806355297e-07,0.271322206292132,0.397,0.327,0.00749375804465657
"ZNF302",3.60840993751665e-07,0.331102607493988,0.295,0.232,0.00805433182153092
"LIN7C",4.17013721998316e-07,0.327741823866152,0.288,0.229,0.00930816328872441
"RELA",4.28176482492049e-07,0.343031207808323,0.353,0.289,0.00955732726570502
"NME1",4.38425627802275e-07,0.310990027667484,0.436,0.362,0.00978609843817457
"ECSIT",4.70031001675864e-07,0.390488708400914,0.256,0.201,0.0104915619884069
"ERI3",6.84681341400761e-07,0.307830480189112,0.306,0.247,0.0152827722214064
"HADH",7.04907032966773e-07,0.421887515934737,0.295,0.241,0.0157342298828513
"TYW3",8.54826397889141e-07,0.406985617627003,0.301,0.243,0.0190805800272835
"C5orf15",8.66059882254078e-07,0.358695957355218,0.327,0.271,0.0193313226317933
"PLRG1",9.98107474670107e-07,0.269850044982671,0.314,0.258,0.0222787569421115
"CLUAP1",2.32673274647155e-06,0.362689855793031,0.259,0.205,0.0519350016339915
"TIMMDC1",3.99167171494241e-06,0.264703269160146,0.394,0.328,0.0890981043492296
"MAFF",4.85547656570162e-06,0.33626934051877,0.343,0.285,0.108379092423026
"RPP30",7.39394277426975e-06,0.346890309526626,0.293,0.24,0.165040196664475
"SF3B4",7.41411348492704e-06,0.305458669485327,0.314,0.262,0.165490427097057
"URM1",8.72841756871523e-06,0.308068417244867,0.284,0.235,0.194827008551293
"MRPS28",1.1133302039168e-05,0.39405908663161,0.264,0.213,0.248506434816268
"LETMD1",1.19844561181637e-05,0.266518948110905,0.286,0.236,0.267505045013531
"UTP11",1.29366459149516e-05,0.27286602977315,0.314,0.262,0.288758873467634
"TMEM106B",1.80708911503569e-05,0.276956234929766,0.35,0.299,0.403360361367116
"PGRMC2",2.5112642903391e-05,0.297360584322346,0.364,0.309,0.56053930224659
"UROD",3.81051904576601e-05,0.267344748918402,0.32,0.27,0.850545956205432
"SDHAF3",6.18257548108403e-05,0.309976477469282,0.259,0.213,1
"P4HTM",6.83267018501965e-05,0.350017015520433,0.268,0.223,1
"PLOD3",7.80214639983789e-05,0.267807930556275,0.279,0.232,1
"MED30",7.95828994355485e-05,0.280218401555449,0.258,0.215,1
"CLOCK",9.95261516152368e-05,0.326845366572843,0.269,0.225,1
"NUDT2",0.000109540036355105,0.318608696640728,0.28,0.236,1
"SLC35F5",0.000124285426689186,0.338411600408525,0.25,0.211,1
"PLOD1",0.000135823014892011,0.256756335084089,0.315,0.27,1
"FOXO3",0.000144598496629067,0.269483285821209,0.363,0.316,1
"HMGCS1",0.000165905372528696,0.571871115162986,0.269,0.231,1
"SQLE",0.000180694381537005,0.305003345223283,0.305,0.26,1
"IDI1",0.000236556725505821,0.413702571937907,0.378,0.334,1
"DNAJB12",0.000251832247423645,0.25387923728279,0.301,0.258,1
"PTGES2",0.000265259770105608,0.280930704069629,0.285,0.242,1
"TIMM9",0.000323196119683677,0.256796195172612,0.332,0.283,1
"LDLR",0.000550306101834819,0.365998566553981,0.33,0.289,1
"PTPMT1",0.000834298843544357,0.273867788067532,0.321,0.28,1
"MRPS2",0.000989415670846538,0.293801970082544,0.265,0.227,1
"DEXI",0.00169435962826614,0.373559201803945,0.255,0.222,1
"DNAJB1",0.777575972138745,0.560688333806624,0.597,0.627,1
